id,label,type,year,summary,source_ids,status
sgd,SGD,method,1951,Stochastic gradient method rooted in Robbins-Monro stochastic approximation.,robbins1951-stochastic-approximation,active
momentum-sgd,Momentum SGD,method,1964,SGD with a velocity or heavy-ball momentum buffer.,polyak1964-heavy-ball,active
adagrad,AdaGrad,method,2011,Adaptive per-coordinate learning rates from accumulated squared gradients.,duchi2011-adagrad,active
rmsprop,RMSProp,method,2012,Adaptive per-coordinate scaling using an EMA of squared gradients.,tieleman2012-rmsprop,active
adam,Adam,method,2014,Adaptive moment estimation with bias-corrected first and second moments.,kingma2014-adam,active
adamw,AdamW,method,2017,Adam variant with decoupled weight decay.,loshchilov2017-adamw,active
shampoo,Shampoo,method,2018,Structured tensor preconditioner using per-axis second-moment matrices and inverse roots.,gupta2018-shampoo,active
soap,SOAP,method,2024,Shampoo with Adam-style second moments in the Shampoo preconditioner eigenbasis.,vyas2024-soap,active
muon,Muon,method,2024,Momentum update for 2D hidden-layer parameters orthogonalized by Newton-Schulz.,jordan2024-muon,active
dion,Dion,method,2025,Distributed orthonormalized update rule related to Muon systems constraints.,ahn2025-dion,active
adammuon,AdaMuon,method,2025,Muon variant adding elementwise adaptivity and sign-stabilized orthogonal updates.,si2025-adamuon,active
muonbp,MuonBP,method,2025,Muon with block-periodic orthogonalization for model-parallel throughput.,khaled2025-muonbp,active
fedmuon,FedMuon,method,2025,Federated learning variant using Muon-style matrix orthogonalization locally.,liu2025-fedmuon-accel,active
teon,TEON,method,2026,Tensorized orthonormalization beyond layer-wise Muon.,zhang2026-teon,active
newton-muon,Newton-Muon,method,2026,Muon extension with input second-moment right preconditioning from a Newton-style surrogate.,du2026-newton-muon,active
muon2,Muon^2,method,2026,Muon variant using adaptive second-moment preconditioning before orthogonalization.,liu2026-muon2,active
muonq,MuonQ,method,2026,Low-bit Muon optimizer-state quantization framework.,su2026-muonq,active
mona,MONA,method,2026,Muon optimizer with Nesterov acceleration for scalable LLM training.,li2026-mona,active
lora-muon,LoRA-Muon,method,2026,Spectral steepest-descent Muon variant for low-rank adapters.,cesista2026-lora-muon,active
stochastic-approximation,Stochastic approximation,concept,1951,Noisy recursive approximation framework underlying SGD.,robbins1951-stochastic-approximation,active
momentum-buffer,Momentum buffer,algorithmic_component,1964,Running velocity that mixes current gradient with previous update direction.,polyak1964-heavy-ball,active
adaptive-stepsize,Adaptive per-coordinate stepsize,concept,2011,Coordinate-wise learning-rate scaling from gradient statistics.,duchi2011-adagrad;tieleman2012-rmsprop;kingma2014-adam,active
ema-second-moment,EMA second moment,algorithmic_component,2012,Exponential moving average of squared gradients used by RMSProp/Adam-style optimizers.,tieleman2012-rmsprop;kingma2014-adam,active
decoupled-weight-decay,Decoupled weight decay,algorithmic_component,2017,Regularization step separated from gradient/adaptive update.,loshchilov2017-adamw,active
matrix-preconditioning,Matrix preconditioning,concept,2018,Non-diagonal preconditioning of matrix/tensor gradients.,gupta2018-shampoo,active
eigenbasis-adam,Adam in preconditioner eigenbasis,algorithmic_component,2024,SOAP stabilization mechanism: Adam-style moments in Shampoo eigenbasis.,vyas2024-soap,active
matrix-orthogonalization,Matrix orthogonalization,concept,2024,Replacement of a matrix update by a semi-orthogonal or polar-factor-like direction.,jordan2024-muon;amsel2025-polar-express,active
newton-schulz,Newton-Schulz iteration,algorithmic_component,2024,GPU-friendly polynomial iteration used by Muon to approximate orthogonalization.,jordan2024-muon;kim2026-muon-newton-schulz,active
matrix-sign-polar,Matrix sign / polar factor,concept,2025,UV^T-like matrix direction obtained from polar decomposition or sign iteration.,jordan2024-muon;amsel2025-polar-express,active
spectral-norm-trust-region,Spectral-norm trust region,concept,2025,Non-Euclidean trust-region view of orthogonalized matrix updates.,kovalev2025-gradient-orthogonalization;chen2025-spectral-norm-muon,active
critical-batch-size,Critical batch size,concept,2025,Batch-size threshold governing compute/data efficiency in optimizer scaling.,shah2025-practical-efficiency-muon;sato2025-critical-batch-muon,active
block-periodic-orthogonalization,Block-periodic orthogonalization,algorithmic_component,2025,Alternates local block orthogonalization with periodic full orthogonalization.,khaled2025-muonbp,active
optimizer-state-quantization,Optimizer-state quantization,system_component,2025,Low-bit storage of optimizer states for memory reduction.,gupta2025-effective-quantization-muon;su2026-muonq,active
low-rank-manifold,Low-rank manifold optimization,concept,2025,Optimization over fixed-rank/LoRA-style matrix factors.,bogachev2025-riemannion;cesista2026-lora-muon,active
robbins1951-stochastic-approximation,A Stochastic Approximation Method,paper,1951,Classical stochastic approximation root for SGD-style noisy updates.,robbins1951-stochastic-approximation,active
polyak1964-heavy-ball,Some Methods of Speeding Up the Convergence of Iteration Methods,paper,1964,Canonical heavy-ball momentum source for momentum SGD lineage.,polyak1964-heavy-ball,active
duchi2011-adagrad,Adaptive Subgradient Methods for Online Learning and Stochastic Optimization,paper,2011,Introduces AdaGrad and accumulated squared-gradient geometry.,duchi2011-adagrad,active
tieleman2012-rmsprop,Lecture 6.5 RMSProp: Divide the gradient by a running average of its recent magnitude,paper,2012,Commonly cited original RMSProp lecture source; not a peer-reviewed paper.,tieleman2012-rmsprop,active
kingma2014-adam,Adam: A Method for Stochastic Optimization,paper,2014,Introduces Adam with bias-corrected first and second moment estimates.,kingma2014-adam,active
loshchilov2017-adamw,Decoupled Weight Decay Regularization,paper,2017,Separates weight decay from adaptive-gradient update; AdamW baseline for Muon comparisons.,loshchilov2017-adamw,active
gupta2018-shampoo,Shampoo: Preconditioned Stochastic Tensor Optimization,paper,2018,Introduces structured tensor preconditioning and inverse-root matrix updates.,gupta2018-shampoo,active
vyas2024-soap,SOAP: Improving and Stabilizing Shampoo using Adam,paper,2024,Combines Shampoo preconditioner eigenbasis with Adam-style second moments.,vyas2024-soap,active
bernstein2024-old-optimizer-new-norm,"Old Optimizer, New Norm: An Anthology",paper,2024,Norm/duality lens later used in Muon explanations.,bernstein2024-old-optimizer-new-norm,active
bernstein2024-modular-duality,Modular Duality in Deep Learning,paper,2024,Layerwise duality and GPU-friendly Newton-Schulz methods related to Muon.,bernstein2024-modular-duality,active
jordan2024-muon,Muon: An optimizer for hidden layers in neural networks,paper,2024,Primary public Muon definition and design explanation; not peer-reviewed.,jordan2024-muon,active
li2025-note-convergence-muon,A Note on the Convergence of Muon,paper,2025,Early theory note connecting Muon to spectral-norm steepest descent.,li2025-note-convergence-muon,active
liu2025-muon-scalable,Muon is Scalable for LLM Training,paper,2025,Scales Muon to large LLM/MoE training with weight decay and update scaling.,liu2025-muon-scalable,active
kovalev2025-gradient-orthogonalization,Understanding Gradient Orthogonalization for Deep Learning via Non-Euclidean Trust-Region Optimization,paper,2025,Shows orthogonalized gradients as spectral-norm trust-region updates and recovers Muon as a special case.,kovalev2025-gradient-orthogonalization,active
ahn2025-dion,Dion: Distributed Orthonormalized Updates,paper,2025,Distributed orthonormalized update rule motivated by Muon sharding costs.,ahn2025-dion,active
shah2025-practical-efficiency-muon,Practical Efficiency of Muon for Pretraining,paper,2025,"Studies Muon compute-time Pareto frontier, batch scaling, and muP transfer.",shah2025-practical-efficiency-muon,active
amsel2025-polar-express,The Polar Express: Optimal Matrix Sign Methods and Their Application to the Muon Algorithm,paper,2025,Improves matrix sign/polar subroutine used inside Muon.,amsel2025-polar-express,active
therien2025-muloco,MuLoCo: Muon is a practical inner optimizer for DiLoCo,paper,2025,Uses Muon as the inner optimizer in distributed low-communication training.,therien2025-muloco,active
chen2025-spectral-norm-muon,Muon Optimizes Under Spectral Norm Constraints,paper,2025,Formalizes Muon under spectral norm constraints.,chen2025-spectral-norm-muon,active
sato2025-critical-batch-muon,Convergence Bound and Critical Batch Size of Muon Optimizer,paper,2025,Analyzes Muon convergence and critical batch size with momentum and weight decay settings.,sato2025-critical-batch-muon,active
si2025-adamuon,AdaMuon: Adaptive Muon Optimizer,paper,2025,Combines orthogonal updates with elementwise adaptivity and RMS-aligned rescaling.,si2025-adamuon,active
bogachev2025-riemannion,LoRA meets Riemannion: Muon Optimizer for Parametrization-independent Low-Rank Adapters,paper,2025,Generalizes Muon to fixed-rank manifold optimization for LoRA.,bogachev2025-riemannion,active
gupta2025-effective-quantization-muon,Effective Quantization of Muon Optimizer States,paper,2025,Blockwise 8-bit Muon state quantization with empirical parity and memory reduction.,gupta2025-effective-quantization-muon,active
khaled2025-muonbp,MuonBP: Faster Muon via Block-Periodic Orthogonalization,paper,2025,Reduces Muon communication overhead with block-periodic orthogonalization.,khaled2025-muonbp,active
liu2025-fedmuon-accel,FedMuon: Accelerating Federated Learning with Matrix Orthogonalization,paper,2025,Applies Muon locally in federated learning with alignment and momentum aggregation.,liu2025-fedmuon-accel,active
ma2026-preconditioning-benefits-muon,Preconditioning Benefits of Spectral Orthogonalization in Muon,paper,2026,Proves simplified Muon can remove condition-number dependence in selected matrix problems.,ma2026-preconditioning-benefits-muon,active
li2026-variance-adaptive-muon,Variance-Adaptive Muon: Accelerating LLM Pretraining with NSR-Modulated and Variance-Scaled Momentum,paper,2026,Adds variance-adaptive normalization to Muon momentum before orthogonalization.,li2026-variance-adaptive-muon,active
kim2026-muon-newton-schulz,Convergence of Muon with Newton-Schulz,paper,2026,Analyzes practical Muon with a few Newton-Schulz steps instead of exact SVD polar factor.,kim2026-muon-newton-schulz,active
zhang2026-teon,TEON: Tensorized Orthonormalization Beyond Layer-Wise Muon for Large Language Model Pre-Training,paper,2026,Generalizes layer-wise Muon to structured higher-order gradient tensors.,zhang2026-teon,active
qi2026-delving-muon-beyond,Delving into Muon and Beyond: Deep Analysis and Extensions,paper,2026,Studies Muon as p=0 endpoint of spectral transforms and compares RMS-normalized variants.,qi2026-delving-muon-beyond,active
du2026-newton-muon,The Newton-Muon Optimizer,paper,2026,Derives Newton-Muon and interprets standard Muon as neglecting input second-moment right preconditioning.,du2026-newton-muon,active
liu2026-muon2,Muon^2: Boosting Muon via Adaptive Second-Moment Preconditioning,paper,2026,Applies Adam-style second-moment preconditioning before orthogonalization to improve polar approximation.,liu2026-muon2,active
su2026-muonq,MuonQ: Enhancing Low-Bit Muon Quantization via Directional Fidelity Optimization,paper,2026,Low-bit Muon state quantization via directional fidelity and companding.,su2026-muonq,active
southworth2026-muon-vit,Muon in Vision Transformers: Optimizer-Recipe Interactions and Gradient Spectra,paper,2026,Studies Muon behavior in ViTs and interaction with augmentation recipes and gradient spectra.,southworth2026-muon-vit,active
li2026-mona,MONA: Muon Optimizer with Nesterov Acceleration for Scalable Language Model Training,paper,2026,Adds Nesterov-like acceleration term to Muon gradient pipeline with large-scale MoE experiments.,li2026-mona,active
yan2026-muon-adversarial-training,When Muon Optimizer Meets Adversarial Training: A Theoretical and Empirical Study,paper,2026,Studies Muon in adversarial training with spectral-norm stability claims and robust benchmarks.,yan2026-muon-adversarial-training,active
huang2026-how-much-orthogonalization,How Much Orthogonalization Does Muon Need?,paper,2026,Needs re-check before being treated as confirmed Muon literature.,huang2026-how-much-orthogonalization,needs_review
cesista2026-lora-muon,LoRA-Muon: Spectral Steepest Descent on the Low-Rank Manifold,paper,2026,Applies Muon spectral steepest descent to LoRA low-rank factors; very recent at search date.,cesista2026-lora-muon,active
spectral-analysis,Spectral analysis of Muon,concept,2026,"Spectral viewpoints explaining Muon stability, flattening, and update bias.",,active
convergence-theory,Muon convergence theory,concept,2025,Convergence and non-convergence analyses for Muon and Muon variants.,,active
distributed-muon-systems,Distributed Muon systems,system_component,2025,"Communication, sharding, FSDP, and federated/distributed Muon implementations.",,active
error-feedback,Error feedback for Muon,algorithmic_component,2025,Error feedback mechanisms used to restore convergence or compress Muon-like updates.,,active
muonclip-stability,MuonClip stability mechanism,algorithmic_component,2025,QK-clip style stabilization for Muon in large MoE training.,,active
negative-muon-results,Negative Muon results,result,2026,"Documented settings where Muon underperforms, fails to converge, or is not uniquely special.",,active
arxiv-250416041-muon-optimizer-accelerates-grokking,Muon Optimizer Accelerates Grokking,paper,2025,"Phase 2 audit on 2026-06-14: promoted from candidate/excluded because title/abstract evidence is directly about Muon, a Muon variant, or Muon orthogonalization. Evidence level: primary arXiv/web record opened. URL(s): ht",arxiv-250416041-muon-optimizer-accelerates-grokking,active
arxiv-250504005-iterative-orthogonalization-scaling-laws,Iterative Orthogonalization Scaling Laws,paper,2025,"Phase 2 audit on 2026-06-14: promoted from candidate/excluded because title/abstract evidence is directly about Muon, a Muon variant, or Muon orthogonalization. Evidence level: primary arXiv/web record opened. URL(s): ht",arxiv-250504005-iterative-orthogonalization-scaling-laws,active
arxiv-250604430-leveraging-coordinate-momentum-in-signsg,Leveraging Coordinate Momentum in SignSGD and Muon: Memory-Optimized Zero-Order,paper,2025,"Phase 2 audit on 2026-06-14: promoted from candidate/excluded because title/abstract evidence is directly about Muon, a Muon variant, or Muon orthogonalization. Evidence level: primary arXiv URL retained from Phase 1 hig",arxiv-250604430-leveraging-coordinate-momentum-in-signsg,active
arxiv-250610935-accelerating-newton-schulz-iteration-for,Accelerating Newton-Schulz Iteration for Orthogonalization via Chebyshev-type Polynomials,paper,2025,"Phase 2 audit on 2026-06-14: promoted from candidate/excluded because title/abstract evidence is directly about Muon, a Muon variant, or Muon orthogonalization. Evidence level: primary arXiv/web record opened. URL(s): ht",arxiv-250610935-accelerating-newton-schulz-iteration-for,active
arxiv-250902981-adagrad-meets-muon-adaptive-stepsizes-fo,AdaGrad Meets Muon: Adaptive Stepsizes for Orthogonal Updates,paper,2025,"Phase 2 audit on 2026-06-14: promoted from candidate/excluded because title/abstract evidence is directly about Muon, a Muon variant, or Muon orthogonalization. Evidence level: primary arXiv URL retained from Phase 1 hig",arxiv-250902981-adagrad-meets-muon-adaptive-stepsizes-fo,active
adagrad-muon,AdaGrad-Muon,method,2025,Muon-family method or implementation surfaced in Phase 2: AdaGrad Meets Muon: Adaptive Stepsizes for Orthogonal Updates,arxiv-250902981-adagrad-meets-muon-adaptive-stepsizes-fo,active
arxiv-250911983-low-rank-orthogonalization-for-large-sca,Low-rank Orthogonalization for Large-scale Matrix Optimization with Applications to Foundation Model Training,paper,2025,"Phase 2 audit on 2026-06-14: promoted from candidate/excluded because title/abstract evidence is directly about Muon, a Muon variant, or Muon orthogonalization. Evidence level: primary arXiv URL retained from Phase 1 hig",arxiv-250911983-low-rank-orthogonalization-for-large-sca,active
arxiv-250914562-limuon-light-and-fast-muon-optimizer-for,LiMuon: Light and Fast Muon Optimizer for Large Models,paper,2025,"Phase 2 audit on 2026-06-14: promoted from candidate/excluded because title/abstract evidence is directly about Muon, a Muon variant, or Muon orthogonalization. Evidence level: primary arXiv URL retained from Phase 1 hig",arxiv-250914562-limuon-light-and-fast-muon-optimizer-for,active
limuon,LiMuon,method,2025,Muon-family method or implementation surfaced in Phase 2: LiMuon: Light and Fast Muon Optimizer for Large Models,arxiv-250914562-limuon-light-and-fast-muon-optimizer-for,active
arxiv-250915816-on-the-convergence-of-muon-and-beyond,On the Convergence of Muon and Beyond,paper,2025,"Phase 2 audit on 2026-06-14: promoted from candidate/excluded because title/abstract evidence is directly about Muon, a Muon variant, or Muon orthogonalization. Evidence level: primary arXiv URL retained from Phase 1 hig",arxiv-250915816-on-the-convergence-of-muon-and-beyond,active
arxiv-250924406-muon-training-and-trade-offs-with-latent,Muon: Training and Trade-offs with Latent Attention and MoE,paper,2025,"Phase 2 audit on 2026-06-14: promoted from candidate/excluded because title/abstract evidence is directly about Muon, a Muon variant, or Muon orthogonalization. Evidence level: primary arXiv URL retained from Phase 1 hig",arxiv-250924406-muon-training-and-trade-offs-with-latent,active
arxiv-250926030-muon-outperforms-adam-in-tail-end-associ,Muon Outperforms Adam in Tail-End Associative Memory Learning,paper,2025,"Phase 2 audit on 2026-06-14: promoted from candidate/excluded because title/abstract evidence is directly about Muon, a Muon variant, or Muon orthogonalization. Evidence level: primary arXiv URL retained from Phase 1 hig",arxiv-250926030-muon-outperforms-adam-in-tail-end-associ,active
arxiv-250926337-fedmuon-federated-learning-with-bias-cor,FedMuon: Federated Learning with Bias-corrected LMO-based Optimization,paper,2025,"Phase 2 audit on 2026-06-14: promoted from candidate/excluded because title/abstract evidence is directly about Muon, a Muon variant, or Muon orthogonalization. Evidence level: primary arXiv URL retained from Phase 1 hig",arxiv-250926337-fedmuon-federated-learning-with-bias-cor,active
arxiv-251000643-error-feedback-for-muon-and-friends,Error Feedback for Muon and Friends,paper,2025,"Phase 2 audit on 2026-06-14: promoted from candidate/excluded because title/abstract evidence is directly about Muon, a Muon variant, or Muon orthogonalization. Evidence level: primary arXiv URL retained from Phase 1 hig",arxiv-251000643-error-feedback-for-muon-and-friends,active
arxiv-251002239-drop-muon-update-less-converge-faster,"Drop-Muon: Update Less, Converge Faster",paper,2025,"Phase 2 audit on 2026-06-14: promoted from candidate/excluded because title/abstract evidence is directly about Muon, a Muon variant, or Muon orthogonalization. Evidence level: primary arXiv URL retained from Phase 1 hig",arxiv-251002239-drop-muon-update-less-converge-faster,active
drop-muon,Drop-Muon,method,2025,"Muon-family method or implementation surfaced in Phase 2: Drop-Muon: Update Less, Converge Faster",arxiv-251002239-drop-muon-update-less-converge-faster,active
arxiv-251003866-on-provable-benefits-of-muon-in-federate,On Provable Benefits of Muon in Federated Learning,paper,2025,"Phase 2 audit on 2026-06-14: promoted from candidate/excluded because title/abstract evidence is directly about Muon, a Muon variant, or Muon orthogonalization. Evidence level: primary arXiv URL retained from Phase 1 hig",arxiv-251003866-on-provable-benefits-of-muon-in-federate,active
arxiv-251005491-normuon-making-muon-more-efficient-and-s,NorMuon: Making Muon more efficient and scalable,paper,2025,"Phase 2 audit on 2026-06-14: promoted from candidate/excluded because title/abstract evidence is directly about Muon, a Muon variant, or Muon orthogonalization. Evidence level: primary arXiv URL retained from Phase 1 hig",arxiv-251005491-normuon-making-muon-more-efficient-and-s,active
normuon,NorMuon,method,2025,Muon-family method or implementation surfaced in Phase 2: NorMuon: Making Muon more efficient and scalable,arxiv-251005491-normuon-making-muon-more-efficient-and-s,active
arxiv-251006627-pome-post-optimization-model-edit-via-mu,POME: Post Optimization Model Edit via Muon-style Projection,paper,2025,"Phase 2 audit on 2026-06-14: promoted from candidate/excluded because title/abstract evidence is directly about Muon, a Muon variant, or Muon orthogonalization. Evidence level: primary arXiv URL retained from Phase 1 hig",arxiv-251006627-pome-post-optimization-model-edit-via-mu,active
arxiv-251009827-an-exploration-of-non-euclidean-gradient,An Exploration of Non-Euclidean Gradient Descent: Muon and its Many Variants,paper,2025,"Phase 2 audit on 2026-06-14: promoted from candidate/excluded because title/abstract evidence is directly about Muon, a Muon variant, or Muon orthogonalization. Evidence level: primary arXiv/web record opened. URL(s): ht",arxiv-251009827-an-exploration-of-non-euclidean-gradient,active
arxiv-251019933-beyond-the-ideal-analyzing-the-inexact-m,Beyond the Ideal: Analyzing the Inexact Muon Update,paper,2025,"Phase 2 audit on 2026-06-14: promoted from candidate/excluded because title/abstract evidence is directly about Muon, a Muon variant, or Muon orthogonalization. Evidence level: primary arXiv URL retained from Phase 1 hig",arxiv-251019933-beyond-the-ideal-analyzing-the-inexact-m,active
arxiv-251022980-how-muon-s-spectral-design-benefits-gene,How Muon's Spectral Design Benefits Generalization: A Study on Imbalanced Data,paper,2025,"Phase 2 audit on 2026-06-14: promoted from candidate/excluded because title/abstract evidence is directly about Muon, a Muon variant, or Muon orthogonalization. Evidence level: primary arXiv URL retained from Phase 1 hig",arxiv-251022980-how-muon-s-spectral-design-benefits-gene,active
arxiv-251106086-muonall-muon-variant-for-efficient-finet,MuonAll: Muon Variant for Efficient Finetuning of Large Language Models,paper,2025,"Phase 2 audit on 2026-06-14: promoted from candidate/excluded because title/abstract evidence is directly about Muon, a Muon variant, or Muon orthogonalization. Evidence level: primary arXiv URL retained from Phase 1 hig",arxiv-251106086-muonall-muon-variant-for-efficient-finet,active
muonall,MuonAll,method,2025,Muon-family method or implementation surfaced in Phase 2: MuonAll: Muon Variant for Efficient Finetuning of Large Language Models,arxiv-251106086-muonall-muon-variant-for-efficient-finet,active
arxiv-251204632-turbo-muon-accelerating-orthogonality-ba,Turbo-Muon: Accelerating Orthogonality-Based Optimization with Pre-Conditioning,paper,2025,"Phase 2 audit on 2026-06-14: promoted from candidate/excluded because title/abstract evidence is directly about Muon, a Muon variant, or Muon orthogonalization. Evidence level: primary arXiv URL retained from Phase 1 hig",arxiv-251204632-turbo-muon-accelerating-orthogonality-ba,active
turbo-muon,Turbo-Muon,method,2025,Muon-family method or implementation surfaced in Phase 2: Turbo-Muon: Accelerating Orthogonality-Based Optimization with Pre-Conditioning,arxiv-251204632-turbo-muon-accelerating-orthogonality-ba,active
arxiv-251216598-muon-is-provably-faster-with-momentum-va,Muon is Provably Faster with Momentum Variance Reduction,paper,2025,"Phase 2 audit on 2026-06-14: promoted from candidate/excluded because title/abstract evidence is directly about Muon, a Muon variant, or Muon orthogonalization. Evidence level: primary arXiv URL retained from Phase 1 hig",arxiv-251216598-muon-is-provably-faster-with-momentum-va,active
arxiv-251216928-dion2-a-simple-method-to-shrink-matrix-i,Dion2: A Simple Method to Shrink Matrix in Muon,paper,2025,"Phase 2 audit on 2026-06-14: promoted from candidate/excluded because title/abstract evidence is directly about Muon, a Muon variant, or Muon orthogonalization. Evidence level: primary arXiv URL retained from Phase 1 hig",arxiv-251216928-dion2-a-simple-method-to-shrink-matrix-i,active
dion2,Dion2,method,2025,Muon-family method or implementation surfaced in Phase 2: Dion2: A Simple Method to Shrink Matrix in Muon,arxiv-251216928-dion2-a-simple-method-to-shrink-matrix-i,active
arxiv-260101306-towards-a-principled-muon-under-mu-maths,Towards a Principled Muon under $mu\mathsf{P}$: Ensuring Spectral Conditions throughout Training,paper,2026,"Phase 2 audit on 2026-06-14: promoted from candidate/excluded because title/abstract evidence is directly about Muon, a Muon variant, or Muon orthogonalization. Evidence level: primary arXiv URL retained from Phase 1 hig",arxiv-260101306-towards-a-principled-muon-under-mu-maths,active
arxiv-260109865-advancing-model-refinement-muon-optimize,Advancing Model Refinement: Muon-Optimized Distillation and Quantization for LLM Deployment,paper,2026,"Phase 2 audit on 2026-06-14: promoted from candidate/excluded because title/abstract evidence is directly about Muon, a Muon variant, or Muon orthogonalization. Evidence level: primary arXiv URL retained from Phase 1 hig",arxiv-260109865-advancing-model-refinement-muon-optimize,active
arxiv-260119400-improved-convergence-rates-of-muon-optim,Improved Convergence Rates of Muon Optimizer for Nonconvex Optimization,paper,2026,"Phase 2 audit on 2026-06-14: promoted from candidate/excluded because title/abstract evidence is directly about Muon, a Muon variant, or Muon orthogonalization. Evidence level: primary arXiv URL retained from Phase 1 hig",arxiv-260119400-improved-convergence-rates-of-muon-optim,active
arxiv-260202500-ifnso-iteration-free-newton-schulz-ortho,IFNSO: Iteration-Free Newton-Schulz Orthogonalization,paper,2026,"Phase 2 audit on 2026-06-14: promoted from candidate/excluded because title/abstract evidence is directly about Muon, a Muon variant, or Muon orthogonalization. Evidence level: primary arXiv URL retained from Phase 1 hig",arxiv-260202500-ifnso-iteration-free-newton-schulz-ortho,active
ifnso,IFNSO,method,2026,Muon-family method or implementation surfaced in Phase 2: IFNSO: Iteration-Free Newton-Schulz Orthogonalization,arxiv-260202500-ifnso-iteration-free-newton-schulz-ortho,active
arxiv-260205725-muon-in-associative-memory-learning-trai,Muon in Associative Memory Learning: Training Dynamics and Scaling Laws,paper,2026,"Phase 2 audit on 2026-06-14: promoted from candidate/excluded because title/abstract evidence is directly about Muon, a Muon variant, or Muon orthogonalization. Evidence level: primary arXiv URL retained from Phase 1 hig",arxiv-260205725-muon-in-associative-memory-learning-trai,active
arxiv-260206385-uniform-spectral-growth-and-convergence-,Uniform Spectral Growth and Convergence of Muon in LoRA-Style Matrix Factorization,paper,2026,"Phase 2 audit on 2026-06-14: promoted from candidate/excluded because title/abstract evidence is directly about Muon, a Muon variant, or Muon orthogonalization. Evidence level: primary arXiv URL retained from Phase 1 hig",arxiv-260206385-uniform-spectral-growth-and-convergence-,active
arxiv-260211948-insights-on-muon-from-simple-quadratics,Insights on Muon from Simple Quadratics,paper,2026,"Phase 2 audit on 2026-06-14: promoted from candidate/excluded because title/abstract evidence is directly about Muon, a Muon variant, or Muon orthogonalization. Evidence level: primary arXiv URL retained from Phase 1 hig",arxiv-260211948-insights-on-muon-from-simple-quadratics,active
arxiv-260213498-trasmuon-trust-region-adaptive-scaling-f,TrasMuon: Trust-Region Adaptive Scaling for Orthogonalized Momentum Optimizers,paper,2026,"Phase 2 audit on 2026-06-14: promoted from candidate/excluded because title/abstract evidence is directly about Muon, a Muon variant, or Muon orthogonalization. Evidence level: primary arXiv URL retained from Phase 1 hig",arxiv-260213498-trasmuon-trust-region-adaptive-scaling-f,active
trasmuon,TrasMuon,method,2026,Muon-family method or implementation surfaced in Phase 2: TrasMuon: Trust-Region Adaptive Scaling for Orthogonalized Momentum Optimizers,arxiv-260213498-trasmuon-trust-region-adaptive-scaling-f,active
arxiv-260216167-muon-with-spectral-guidance-efficient-op,Muon with Spectral Guidance: Efficient Optimization for Scientific Machine Learning,paper,2026,"Phase 2 audit on 2026-06-14: promoted from candidate/excluded because title/abstract evidence is directly about Muon, a Muon variant, or Muon orthogonalization. Evidence level: primary arXiv URL retained from Phase 1 hig",arxiv-260216167-muon-with-spectral-guidance-efficient-op,active
arxiv-260216340-the-implicit-bias-of-adam-and-muon-on-sm,The Implicit Bias of Adam and Muon on Smooth Homogeneous Neural Networks,paper,2026,"Phase 2 audit on 2026-06-14: promoted from candidate/excluded because title/abstract evidence is directly about Muon, a Muon variant, or Muon orthogonalization. Evidence level: primary arXiv URL retained from Phase 1 hig",arxiv-260216340-the-implicit-bias-of-adam-and-muon-on-sm,active
arxiv-260217080-adam-improves-muon-adaptive-moment-estim,Adam Improves Muon: Adaptive Moment Estimation with Orthogonalized Momentum,paper,2026,"Phase 2 audit on 2026-06-14: promoted from candidate/excluded because title/abstract evidence is directly about Muon, a Muon variant, or Muon orthogonalization. Evidence level: primary arXiv URL retained from Phase 1 hig",arxiv-260217080-adam-improves-muon-adaptive-moment-estim,active
namo,NAMO,method,2026,Muon-family method or implementation surfaced in Phase 2: Adam Improves Muon: Adaptive Moment Estimation with Orthogonalized Momentum,arxiv-260217080-adam-improves-muon-adaptive-moment-estim,active
arxiv-260221545-muon-towards-more-effective-muon-via-one,MUON+: Towards More Effective Muon via One Additional Normalization Step for LLM Pre-training,paper,2026,"Phase 2 audit on 2026-06-14: promoted from candidate/excluded because title/abstract evidence is directly about Muon, a Muon variant, or Muon orthogonalization. Evidence level: primary arXiv URL retained from Phase 1 hig",arxiv-260221545-muon-towards-more-effective-muon-via-one,active
muon-plus,MUON+,method,2026,Muon-family method or implementation surfaced in Phase 2: MUON+: Towards More Effective Muon via One Additional Normalization Step for LLM Pre-training,arxiv-260221545-muon-towards-more-effective-muon-via-one,active
arxiv-260300416-muonrec-shifting-the-optimizer-paradigm-,MuonRec: Shifting the Optimizer Paradigm Beyond Adam in Scalable Generative Recommendation,paper,2026,"Phase 2 audit on 2026-06-14: promoted from candidate/excluded because title/abstract evidence is directly about Muon, a Muon variant, or Muon orthogonalization. Evidence level: primary arXiv URL retained from Phase 1 hig",arxiv-260300416-muonrec-shifting-the-optimizer-paradigm-,active
muonrec,MuonRec,method,2026,Muon-family method or implementation surfaced in Phase 2: MuonRec: Shifting the Optimizer Paradigm Beyond Adam in Scalable Generative Recommendation,arxiv-260300416-muonrec-shifting-the-optimizer-paradigm-,active
arxiv-260300742-to-use-or-not-to-use-muon-how-simplicity,To Use or not to Use Muon: How Simplicity Bias in Optimizers Matters,paper,2026,"Phase 2 audit on 2026-06-14: promoted from candidate/excluded because title/abstract evidence is directly about Muon, a Muon variant, or Muon orthogonalization. Evidence level: primary arXiv URL retained from Phase 1 hig",arxiv-260300742-to-use-or-not-to-use-muon-how-simplicity,active
arxiv-260303597-numuon-nuclear-norm-constrained-muon-for,NuMuon: Nuclear-Norm-Constrained Muon for Compressible LLM Training,paper,2026,"Phase 2 audit on 2026-06-14: promoted from candidate/excluded because title/abstract evidence is directly about Muon, a Muon variant, or Muon orthogonalization. Evidence level: primary arXiv/web record opened. URL(s): ht",arxiv-260303597-numuon-nuclear-norm-constrained-muon-for,active
numuon,NuMuon,method,2026,Muon-family method or implementation surfaced in Phase 2: NuMuon: Nuclear-Norm-Constrained Muon for Compressible LLM Training,arxiv-260303597-numuon-nuclear-norm-constrained-muon-for,active
arxiv-260309697-mousse-rectifying-the-geometry-of-muon-w,Mousse: Rectifying the Geometry of Muon with Curvature-Aware Preconditioning,paper,2026,"Phase 2 audit on 2026-06-14: promoted from candidate/excluded because title/abstract evidence is directly about Muon, a Muon variant, or Muon orthogonalization. Evidence level: primary arXiv URL retained from Phase 1 hig",arxiv-260309697-mousse-rectifying-the-geometry-of-muon-w,active
mousse,Mousse,method,2026,Muon-family method or implementation surfaced in Phase 2: Mousse: Rectifying the Geometry of Muon with Curvature-Aware Preconditioning,arxiv-260309697-mousse-rectifying-the-geometry-of-muon-w,active
arxiv-260310067-htmuon-improving-muon-via-heavy-tailed-s,HTMuon: Improving Muon via Heavy-Tailed Spectral Correction,paper,2026,"Phase 2 audit on 2026-06-14: promoted from candidate/excluded because title/abstract evidence is directly about Muon, a Muon variant, or Muon orthogonalization. Evidence level: primary arXiv URL retained from Phase 1 hig",arxiv-260310067-htmuon-improving-muon-via-heavy-tailed-s,active
htmuon,HTMuon,method,2026,Muon-family method or implementation surfaced in Phase 2: HTMuon: Improving Muon via Heavy-Tailed Spectral Correction,arxiv-260310067-htmuon-improving-muon-via-heavy-tailed-s,active
arxiv-260315059-muon-converges-under-heavy-tailed-noise-,Muon Converges under Heavy-Tailed Noise: Nonconvex Holder-Smooth Empirical Risk Minimization,paper,2026,"Phase 2 audit on 2026-06-14: promoted from candidate/excluded because title/abstract evidence is directly about Muon, a Muon variant, or Muon orthogonalization. Evidence level: primary arXiv URL retained from Phase 1 hig",arxiv-260315059-muon-converges-under-heavy-tailed-noise-,active
arxiv-260317970-beyond-muon-mud-momentum-decorrelation-f,Beyond Muon: MUD (MomentUm Decorrelation) for Faster Transformer Training,paper,2026,"Phase 2 audit on 2026-06-14: promoted from candidate/excluded because title/abstract evidence is directly about Muon, a Muon variant, or Muon orthogonalization. Evidence level: primary arXiv URL retained from Phase 1 hig",arxiv-260317970-beyond-muon-mud-momentum-decorrelation-f,active
arxiv-260328254-muoneq-balancing-before-orthogonalizatio,MuonEq: Balancing Before Orthogonalization with Lightweight Equilibration,paper,2026,"Phase 2 audit on 2026-06-14: promoted from candidate/excluded because title/abstract evidence is directly about Muon, a Muon variant, or Muon orthogonalization. Evidence level: primary arXiv URL retained from Phase 1 hig",arxiv-260328254-muoneq-balancing-before-orthogonalizatio,active
muoneq,MuonEq,method,2026,Muon-family method or implementation surfaced in Phase 2: MuonEq: Balancing Before Orthogonalization with Lightweight Equilibration,arxiv-260328254-muoneq-balancing-before-orthogonalizatio,active
arxiv-260404726-a-muon-accelerated-algorithm-for-low-sep,A Muon-Accelerated Algorithm for Low Separation Rank Tensor Generalized Linear Models,paper,2026,"Phase 2 audit on 2026-06-14: promoted from candidate/excluded because title/abstract evidence is directly about Muon, a Muon variant, or Muon orthogonalization. Evidence level: primary arXiv/web record opened. URL(s): ht",arxiv-260404726-a-muon-accelerated-algorithm-for-low-sep,active
arxiv-260404891-muon-dynamics-as-a-spectral-wasserstein-,Muon Dynamics as a Spectral Wasserstein Flow,paper,2026,"Phase 2 audit on 2026-06-14: promoted from candidate/excluded because title/abstract evidence is directly about Muon, a Muon variant, or Muon orthogonalization. Evidence level: primary arXiv URL retained from Phase 1 hig",arxiv-260404891-muon-dynamics-as-a-spectral-wasserstein-,active
arxiv-260423980-suda-muon-structural-design-principles-a,SUDA-Muon: Structural Design Principles and Boundaries for Fully Decentralized Muon,paper,2026,"Phase 2 audit on 2026-06-14: promoted from candidate/excluded because title/abstract evidence is directly about Muon, a Muon variant, or Muon orthogonalization. Evidence level: primary arXiv URL retained from Phase 1 hig",arxiv-260423980-suda-muon-structural-design-principles-a,active
suda-muon,SUDA-Muon,method,2026,Muon-family method or implementation surfaced in Phase 2: SUDA-Muon: Structural Design Principles and Boundaries for Fully Decentralized Muon,arxiv-260423980-suda-muon-structural-design-principles-a,active
arxiv-260506884-muon-with-nesterov-momentum-heavy-tailed,Muon with Nesterov Momentum: Heavy-Tailed Noise and (Randomized) Inexact Polar Decomposition,paper,2026,"Phase 2 audit on 2026-06-14: promoted from candidate/excluded because title/abstract evidence is directly about Muon, a Muon variant, or Muon orthogonalization. Evidence level: primary arXiv URL retained from Phase 1 hig",arxiv-260506884-muon-with-nesterov-momentum-heavy-tailed,active
arxiv-260508933-when-and-why-grouping-attention-heads-ac,When and Why Grouping Attention Heads Accelerates Muon Optimization,paper,2026,"Phase 2 audit on 2026-06-14: promoted from candidate/excluded because title/abstract evidence is directly about Muon, a Muon variant, or Muon orthogonalization. Evidence level: primary arXiv URL retained from Phase 1 hig",arxiv-260508933-when-and-why-grouping-attention-heads-ac,active
arxiv-260508949-muon-ogd-muon-based-spectral-orthogonal-,Muon-OGD: Muon-based Spectral Orthogonal Gradient Projection for LLM Continual Learning,paper,2026,"Phase 2 audit on 2026-06-14: promoted from candidate/excluded because title/abstract evidence is directly about Muon, a Muon variant, or Muon orthogonalization. Evidence level: primary arXiv URL retained from Phase 1 hig",arxiv-260508949-muon-ogd-muon-based-spectral-orthogonal-,active
muon-ogd,Muon-OGD,method,2026,Muon-family method or implementation surfaced in Phase 2: Muon-OGD: Muon-based Spectral Orthogonal Gradient Projection for LLM Continual Learning,arxiv-260508949-muon-ogd-muon-based-spectral-orthogonal-,active
arxiv-260508980-muon-does-not-converge-on-convex-lipschi,Muon Does Not Converge on Convex Lipschitz Functions,paper,2026,"Phase 2 audit on 2026-06-14: promoted from candidate/excluded because title/abstract evidence is directly about Muon, a Muon variant, or Muon orthogonalization. Evidence level: primary arXiv/web record opened. URL(s): ht",arxiv-260508980-muon-does-not-converge-on-convex-lipschi,active
arxiv-260509238-intrinsic-muon-spectral-optimization-on-,Intrinsic Muon: Spectral Optimization on Riemannian Matrix Manifolds,paper,2026,"Phase 2 audit on 2026-06-14: promoted from candidate/excluded because title/abstract evidence is directly about Muon, a Muon variant, or Muon orthogonalization. Evidence level: primary arXiv URL retained from Phase 1 hig",arxiv-260509238-intrinsic-muon-spectral-optimization-on-,active
intrinsic-muon,Intrinsic Muon,method,2026,Muon-family method or implementation surfaced in Phase 2: Intrinsic Muon: Spectral Optimization on Riemannian Matrix Manifolds,arxiv-260509238-intrinsic-muon-spectral-optimization-on-,active
arxiv-260509331-dimension-free-saddle-point-escape-in-mu,Dimension-Free Saddle-Point Escape in Muon,paper,2026,"Phase 2 audit on 2026-06-14: promoted from candidate/excluded because title/abstract evidence is directly about Muon, a Muon variant, or Muon orthogonalization. Evidence level: primary arXiv URL retained from Phase 1 hig",arxiv-260509331-dimension-free-saddle-point-escape-in-mu,active
arxiv-260509552-phases-of-muon-when-muon-eclipses-signsg,Phases of Muon: When Muon Eclipses SignSGD,paper,2026,"Phase 2 audit on 2026-06-14: promoted from candidate/excluded because title/abstract evidence is directly about Muon, a Muon variant, or Muon orthogonalization. Evidence level: primary arXiv URL retained from Phase 1 hig",arxiv-260509552-phases-of-muon-when-muon-eclipses-signsg,active
arxiv-260509991-optimizer-induced-mode-connectivity-from,Optimizer-Induced Mode Connectivity: From AdamW to Muon,paper,2026,"Phase 2 audit on 2026-06-14: promoted from candidate/excluded because title/abstract evidence is directly about Muon, a Muon variant, or Muon orthogonalization. Evidence level: primary arXiv URL retained from Phase 1 hig",arxiv-260509991-optimizer-induced-mode-connectivity-from,active
arxiv-260510468-can-muon-fine-tune-adam-pretrained-model,Can Muon Fine-tune Adam-Pretrained Models?,paper,2026,"Phase 2 audit on 2026-06-14: promoted from candidate/excluded because title/abstract evidence is directly about Muon, a Muon variant, or Muon orthogonalization. Evidence level: primary arXiv URL retained from Phase 1 hig",arxiv-260510468-can-muon-fine-tune-adam-pretrained-model,active
arxiv-260510797-muown-row-norm-control-for-muon-optimiza,Muown: Row-Norm Control for Muon Optimization,paper,2026,"Phase 2 audit on 2026-06-14: promoted from candidate/excluded because title/abstract evidence is directly about Muon, a Muon variant, or Muon orthogonalization. Evidence level: primary arXiv URL retained from Phase 1 hig",arxiv-260510797-muown-row-norm-control-for-muon-optimiza,active
muown,Muown,method,2026,Muon-family method or implementation surfaced in Phase 2: Muown: Row-Norm Control for Muon Optimization,arxiv-260510797-muown-row-norm-control-for-muon-optimiza,active
arxiv-260511181-muon-is-not-that-special-random-or-inver,Muon is Not That Special: Random or Inverted Spectra Work Just as Well,paper,2026,"Phase 2 audit on 2026-06-14: promoted from candidate/excluded because title/abstract evidence is directly about Muon, a Muon variant, or Muon orthogonalization. Evidence level: primary arXiv URL retained from Phase 1 hig",arxiv-260511181-muon-is-not-that-special-random-or-inver,active
arxiv-260512994-dp-muon-differentially-private-optimizat,DP-Muon: Differentially Private Optimization via Matrix-Orthogonalized Momentum,paper,2026,"Phase 2 audit on 2026-06-14: promoted from candidate/excluded because title/abstract evidence is directly about Muon, a Muon variant, or Muon orthogonalization. Evidence level: primary arXiv URL retained from Phase 1 hig",arxiv-260512994-dp-muon-differentially-private-optimizat,active
dp-muon,DP-Muon,method,2026,Muon-family method or implementation surfaced in Phase 2: DP-Muon: Differentially Private Optimization via Matrix-Orthogonalized Momentum,arxiv-260512994-dp-muon-differentially-private-optimizat,active
arxiv-260513079-spectral-flattening-is-all-muon-needs-ho,Spectral Flattening Is All Muon Needs: How Orthogonalization Controls Learning Rate and Convergence,paper,2026,"Phase 2 audit on 2026-06-14: promoted from candidate/excluded because title/abstract evidence is directly about Muon, a Muon variant, or Muon orthogonalization. Evidence level: primary arXiv/web record opened. URL(s): ht",arxiv-260513079-spectral-flattening-is-all-muon-needs-ho,active
arxiv-260516311-signmuon-communication-efficient-distrib,SignMuon: Communication-Efficient Distributed Muon Optimization,paper,2026,"Phase 2 audit on 2026-06-14: promoted from candidate/excluded because title/abstract evidence is directly about Muon, a Muon variant, or Muon orthogonalization. Evidence level: primary arXiv URL retained from Phase 1 hig",arxiv-260516311-signmuon-communication-efficient-distrib,active
signmuon,SignMuon,method,2026,Muon-family method or implementation surfaced in Phase 2: SignMuon: Communication-Efficient Distributed Muon Optimization,arxiv-260516311-signmuon-communication-efficient-distrib,active
arxiv-260517109-dynmuon-a-dynamic-spectral-shaping-view-,DynMuon: A Dynamic Spectral Shaping View of Muon,paper,2026,"Phase 2 audit on 2026-06-14: promoted from candidate/excluded because title/abstract evidence is directly about Muon, a Muon variant, or Muon orthogonalization. Evidence level: primary arXiv URL retained from Phase 1 hig",arxiv-260517109-dynmuon-a-dynamic-spectral-shaping-view-,active
dynmuon,DynMuon,method,2026,Muon-family method or implementation surfaced in Phase 2: DynMuon: A Dynamic Spectral Shaping View of Muon,arxiv-260517109-dynmuon-a-dynamic-spectral-shaping-view-,active
arxiv-260517806-amo-adaptive-muon-orthogonalization,AMO: Adaptive Muon Orthogonalization,paper,2026,"Phase 2 audit on 2026-06-14: promoted from candidate/excluded because title/abstract evidence is directly about Muon, a Muon variant, or Muon orthogonalization. Evidence level: primary arXiv/web record opened. URL(s): ht",arxiv-260517806-amo-adaptive-muon-orthogonalization,active
amo,AMO,method,2026,Muon-family method or implementation surfaced in Phase 2: AMO: Adaptive Muon Orthogonalization,arxiv-260517806-amo-adaptive-muon-orthogonalization,active
arxiv-260518999-distance-aware-muon-adaptive-step-scalin,Distance-Aware Muon: Adaptive Step Scaling for Normalized Optimization,paper,2026,"Phase 2 audit on 2026-06-14: promoted from candidate/excluded because title/abstract evidence is directly about Muon, a Muon variant, or Muon orthogonalization. Evidence level: primary arXiv URL retained from Phase 1 hig",arxiv-260518999-distance-aware-muon-adaptive-step-scalin,active
arxiv-260519282-rethinking-muon-beyond-pretraining-spect,Rethinking Muon Beyond Pretraining: Spectral Failures and High-Pass Remedies for VLA and RLVR,paper,2026,"Phase 2 audit on 2026-06-14: promoted from candidate/excluded because title/abstract evidence is directly about Muon, a Muon variant, or Muon orthogonalization. Evidence level: primary arXiv URL retained from Phase 1 hig",arxiv-260519282-rethinking-muon-beyond-pretraining-spect,active
arxiv-260519619-mimuon-mixed-muon-optimizer-with-improve,MiMuon: Mixed Muon Optimizer with Improved Generalization for Large Models,paper,2026,"Phase 2 audit on 2026-06-14: promoted from candidate/excluded because title/abstract evidence is directly about Muon, a Muon variant, or Muon orthogonalization. Evidence level: primary arXiv URL retained from Phase 1 hig",arxiv-260519619-mimuon-mixed-muon-optimizer-with-improve,active
mimuon,MiMuon,method,2026,Muon-family method or implementation surfaced in Phase 2: MiMuon: Mixed Muon Optimizer with Improved Generalization for Large Models,arxiv-260519619-mimuon-mixed-muon-optimizer-with-improve,active
arxiv-260519781-from-sgd-to-muon-adaptive-optimization-v,From SGD to Muon: Adaptive Optimization via Schatten-p Norms,paper,2026,"Phase 2 audit on 2026-06-14: promoted from candidate/excluded because title/abstract evidence is directly about Muon, a Muon variant, or Muon orthogonalization. Evidence level: primary arXiv URL retained from Phase 1 hig",arxiv-260519781-from-sgd-to-muon-adaptive-optimization-v,active
arxiv-260523871-move-on-muon-a-hamiltonian-probability-g,Move on Muon : A Hamiltonian probability gradient flow perspective of Muon optimizer,paper,2026,"Phase 2 audit on 2026-06-14: promoted from candidate/excluded because title/abstract evidence is directly about Muon, a Muon variant, or Muon orthogonalization. Evidence level: primary arXiv/web record opened. URL(s): ht",arxiv-260523871-move-on-muon-a-hamiltonian-probability-g,active
arxiv-260526459-mucon-clipped-muon-updates-for-llm-train,MuCon: Clipped Muon Updates for LLM Training,paper,2026,"Phase 2 audit on 2026-06-14: promoted from candidate/excluded because title/abstract evidence is directly about Muon, a Muon variant, or Muon orthogonalization. Evidence level: primary arXiv URL retained from Phase 1 hig",arxiv-260526459-mucon-clipped-muon-updates-for-llm-train,active
mucon,MuCon,method,2026,Muon-family method or implementation surfaced in Phase 2: MuCon: Clipped Muon Updates for LLM Training,arxiv-260526459-mucon-clipped-muon-updates-for-llm-train,active
arxiv-260603899-denoise-first-orthogonalize-later-unders,"Denoise First, Orthogonalize Later: Understanding Momentum in Muon via Spectral Filtering",paper,2026,"Phase 2 audit on 2026-06-14: promoted from candidate/excluded because title/abstract evidence is directly about Muon, a Muon variant, or Muon orthogonalization. Evidence level: primary arXiv/web record opened. URL(s): ht",arxiv-260603899-denoise-first-orthogonalize-later-unders,active
arxiv-260604058-spectral-scaling-laws-of-muon,Spectral Scaling Laws of Muon,paper,2026,"Phase 2 audit on 2026-06-14: promoted from candidate/excluded because title/abstract evidence is directly about Muon, a Muon variant, or Muon orthogonalization. Evidence level: primary arXiv/web record opened. URL(s): ht",arxiv-260604058-spectral-scaling-laws-of-muon,active
arxiv-260604662-why-muon-outperforms-adam-a-curvature-pe,Why Muon Outperforms Adam: A Curvature Perspective,paper,2026,"Phase 2 audit on 2026-06-14: promoted from candidate/excluded because title/abstract evidence is directly about Muon, a Muon variant, or Muon orthogonalization. Evidence level: primary arXiv/web record opened. URL(s): ht",arxiv-260604662-why-muon-outperforms-adam-a-curvature-pe,active
arxiv-260608388-the-spectral-dynamics-and-noise-geometry,The Spectral Dynamics and Noise Geometry of Muon,paper,2026,"Phase 2 audit on 2026-06-14: promoted from candidate/excluded because title/abstract evidence is directly about Muon, a Muon variant, or Muon orthogonalization. Evidence level: primary arXiv/web record opened. URL(s): ht",arxiv-260608388-the-spectral-dynamics-and-noise-geometry,active
arxiv-260609658-muon-learns-more-robust-and-transferable,Muon Learns More Robust and Transferable Features than Adam,paper,2026,"Phase 2 audit on 2026-06-14: promoted from candidate/excluded because title/abstract evidence is directly about Muon, a Muon variant, or Muon orthogonalization. Evidence level: primary arXiv/web record opened. URL(s): ht",arxiv-260609658-muon-learns-more-robust-and-transferable,active
arxiv-251001377-demuon-a-decentralized-muon-for-matrix-o,DeMuon: A Decentralized Muon for Matrix Optimization over Graphs,paper,2025,"Phase 2 audit on 2026-06-14: promoted from candidate/excluded because title/abstract evidence is directly about Muon, a Muon variant, or Muon orthogonalization. Evidence level: primary arXiv URL retained from Phase 1 hig",arxiv-251001377-demuon-a-decentralized-muon-for-matrix-o,active
arxiv-260522432-amuse-anytime-muon-with-stable-gradient-,AMUSE: Anytime Muon with Stable Gradient Evaluation,paper,2026,"Phase 2 audit on 2026-06-14: promoted from candidate/excluded because title/abstract evidence is directly about Muon, a Muon variant, or Muon orthogonalization. Evidence level: primary arXiv/web record opened. URL(s): ht",arxiv-260522432-amuse-anytime-muon-with-stable-gradient-,active
amuse,AMUSE,method,2026,Muon-family method or implementation surfaced in Phase 2: AMUSE: Anytime Muon with Stable Gradient Evaluation,arxiv-260522432-amuse-anytime-muon-with-stable-gradient-,active
kimi2025-k2-muonclip,Kimi K2: Open Agentic Intelligence,paper,2025,"Phase 2 web search found the Kimi K2 report; its abstract says the authors propose MuonClip, an improvement over Muon with QK-clip, and train K2 on 15.5T tokens without loss spikes.",kimi2025-k2-muonclip,active
muonclip,MuonClip,method,2025,Muon-family method or implementation surfaced in Phase 2: Kimi K2: Open Agentic Intelligence,kimi2025-k2-muonclip,active
wang2026-vescale-fsdp,veScale-FSDP: Flexible and High-Performance FSDP at Scale,paper,2026,Phase 2 web search found the veScale-FSDP report; its abstract explicitly lists Muon as a non-element-wise optimizer that current FSDP systems struggle to support.,wang2026-vescale-fsdp,active
