id,title,authors,year,venue_or_status,url,doi,arxiv_id,openalex_id,notes
robbins1951-stochastic-approximation,A Stochastic Approximation Method,Herbert Robbins; Sutton Monro,1951,Annals of Mathematical Statistics,https://doi.org/10.1214/aoms/1177729586,10.1214/aoms/1177729586,,,Classical stochastic approximation root for SGD-style noisy updates.
polyak1964-heavy-ball,Some Methods of Speeding Up the Convergence of Iteration Methods,Boris T. Polyak,1964,USSR Computational Mathematics and Mathematical Physics,https://doi.org/10.1016/0041-5553(64)90137-5,10.1016/0041-5553(64)90137-5,,,Canonical heavy-ball momentum source for momentum SGD lineage.
duchi2011-adagrad,Adaptive Subgradient Methods for Online Learning and Stochastic Optimization,John Duchi; Elad Hazan; Yoram Singer,2011,JMLR,https://jmlr.org/papers/v12/duchi11a.html,,,,Introduces AdaGrad and accumulated squared-gradient geometry.
tieleman2012-rmsprop,Lecture 6.5 RMSProp: Divide the gradient by a running average of its recent magnitude,Tijmen Tieleman; Geoffrey Hinton,2012,Coursera Neural Networks for Machine Learning lecture notes,https://www.cs.toronto.edu/~tijmen/csc321/slides/lecture_slides_lec6.pdf,,,,Commonly cited original RMSProp lecture source; not a peer-reviewed paper.
kingma2014-adam,Adam: A Method for Stochastic Optimization,Diederik P. Kingma; Jimmy Ba,2014,ICLR 2015; arXiv,https://arxiv.org/abs/1412.6980,10.48550/arXiv.1412.6980,1412.6980,,Introduces Adam with bias-corrected first and second moment estimates.
loshchilov2017-adamw,Decoupled Weight Decay Regularization,Ilya Loshchilov; Frank Hutter,2017,ICLR 2019; arXiv,https://arxiv.org/abs/1711.05101; https://openreview.net/forum?id=Bkg6RiCqY7,10.48550/arXiv.1711.05101,1711.05101,,Separates weight decay from adaptive-gradient update; AdamW baseline for Muon comparisons.
gupta2018-shampoo,Shampoo: Preconditioned Stochastic Tensor Optimization,Vineet Gupta; Tomer Koren; Yoram Singer,2018,ICML 2018; arXiv,https://arxiv.org/abs/1802.09568,10.48550/arXiv.1802.09568,1802.09568,,Introduces structured tensor preconditioning and inverse-root matrix updates.
vyas2024-soap,SOAP: Improving and Stabilizing Shampoo using Adam,Nikhil Vyas; Depen Morwani; Rosie Zhao; Mujin Kwun; Itai Shapira; David Brandfonbrener; Lucas Janson; Sham Kakade,2024,arXiv,https://arxiv.org/abs/2409.11321; https://github.com/nikhilvyas/SOAP,10.48550/arXiv.2409.11321,2409.11321,https://openalex.org/W4403707245,Combines Shampoo preconditioner eigenbasis with Adam-style second moments.
bernstein2024-old-optimizer-new-norm,"Old Optimizer, New Norm: An Anthology",Jeremy Bernstein; Laker Newhouse,2024,arXiv,https://arxiv.org/abs/2409.20325,10.48550/arXiv.2409.20325,2409.20325,,Norm/duality lens later used in Muon explanations.
bernstein2024-modular-duality,Modular Duality in Deep Learning,Jeremy Bernstein; Laker Newhouse,2024,arXiv,https://arxiv.org/abs/2410.21265,10.48550/arXiv.2410.21265,2410.21265,,Layerwise duality and GPU-friendly Newton-Schulz methods related to Muon.
jordan2024-muon,Muon: An optimizer for hidden layers in neural networks,Keller Jordan et al.,2024,Author technical blog,https://kellerjordan.github.io/posts/muon/; https://github.com/KellerJordan/modded-nanogpt,,,,Primary public Muon definition and design explanation; not peer-reviewed.
li2025-note-convergence-muon,A Note on the Convergence of Muon,Jiaxiang Li; Mingyi Hong,2025,arXiv,https://arxiv.org/abs/2502.02900,10.48550/arXiv.2502.02900,2502.02900,,Early theory note connecting Muon to spectral-norm steepest descent.
liu2025-muon-scalable,Muon is Scalable for LLM Training,Jingyuan Liu; Jianlin Su; Xingcheng Yao; Zhejun Jiang; Guokun Lai; Yulun Du; Yidao Qin; Weixin Xu; Enzhe Lu; Junjie Yan; Yanru Chen; Huabin Zheng; Yibo Liu; Shaowei Liu; Bohong Yin; Weiran He; Han Zhu; Yuzhi Wang; Jianzhou Wang; Mengnan Dong; Zheng Zhang; Yongsheng Kang; Hao Zhang; Xinran Xu; Yutao Zhang; Yuxin Wu; Xinyu Zhou; Zhilin Yang,2025,arXiv,https://arxiv.org/abs/2502.16982,10.48550/arXiv.2502.16982,2502.16982,https://openalex.org/W4414846785,Scales Muon to large LLM/MoE training with weight decay and update scaling.
kovalev2025-gradient-orthogonalization,Understanding Gradient Orthogonalization for Deep Learning via Non-Euclidean Trust-Region Optimization,Dmitry Kovalev,2025,arXiv,https://arxiv.org/abs/2503.12645,10.48550/arXiv.2503.12645,2503.12645,,Shows orthogonalized gradients as spectral-norm trust-region updates and recovers Muon as a special case.
ahn2025-dion,Dion: Distributed Orthonormalized Updates,Kwangjun Ahn; Byron Xu; Natalie Abreu; Ying Fan; Gagik Magakyan; Pratyusha Sharma; Zheng Zhan; John Langford,2025,arXiv,https://arxiv.org/abs/2504.05295,10.48550/arXiv.2504.05295,2504.05295,,Distributed orthonormalized update rule motivated by Muon sharding costs.
shah2025-practical-efficiency-muon,Practical Efficiency of Muon for Pretraining,Essential AI; Ishaan Shah; Anthony M. Polloreno; Karl Stratos; Philip Monk; Ashish Vaswani et al.,2025,arXiv,https://arxiv.org/abs/2505.02222; https://www.essential.ai/research/infra,10.48550/arXiv.2505.02222,2505.02222,,"Studies Muon compute-time Pareto frontier, batch scaling, and muP transfer."
amsel2025-polar-express,The Polar Express: Optimal Matrix Sign Methods and Their Application to the Muon Algorithm,Noah Amsel; David Persson; Christopher Musco; Robert M. Gower,2025,arXiv,https://arxiv.org/abs/2505.16932,10.48550/arXiv.2505.16932,2505.16932,,Improves matrix sign/polar subroutine used inside Muon.
therien2025-muloco,MuLoCo: Muon is a practical inner optimizer for DiLoCo,Benjamin Therien; Xiaolong Huang; Aaron Defazio; Irina Rish; Eugene Belilovsky,2025,arXiv,https://arxiv.org/abs/2505.23725,10.48550/arXiv.2505.23725,2505.23725,,Uses Muon as the inner optimizer in distributed low-communication training.
chen2025-spectral-norm-muon,Muon Optimizes Under Spectral Norm Constraints,Lizhang Chen; Jonathan Li; Qiang Liu,2025,arXiv,https://arxiv.org/abs/2506.15054,10.48550/arXiv.2506.15054,2506.15054,,Formalizes Muon under spectral norm constraints.
sato2025-critical-batch-muon,Convergence Bound and Critical Batch Size of Muon Optimizer,Naoki Sato; Hiroki Naganuma; Hideaki Iiduka,2025,arXiv,https://arxiv.org/abs/2507.01598,,2507.01598,,Analyzes Muon convergence and critical batch size with momentum and weight decay settings.
si2025-adamuon,AdaMuon: Adaptive Muon Optimizer,Chongjie Si; Debing Zhang; Wei Shen,2025,arXiv,https://arxiv.org/abs/2507.11005,10.48550/arXiv.2507.11005,2507.11005,,Combines orthogonal updates with elementwise adaptivity and RMS-aligned rescaling.
bogachev2025-riemannion,LoRA meets Riemannion: Muon Optimizer for Parametrization-independent Low-Rank Adapters,Vladimir Bogachev; Vladimir Aletov; Alexander Molozhavenko; Denis Bobkov; Vera Soboleva; Aibek Alanov; Maxim Rakhuba,2025,arXiv,https://arxiv.org/abs/2507.12142,,2507.12142,,Generalizes Muon to fixed-rank manifold optimization for LoRA.
gupta2025-effective-quantization-muon,Effective Quantization of Muon Optimizer States,Aman Gupta; Rafael Celente; Abhishek Shivanna; D. T. Braithwaite; Gregory Dexter; Shao Tang; Hiroto Udagawa; Daniel Silva; Rohan Ramanath; S. Sathiya Keerthi,2025,arXiv,https://arxiv.org/abs/2509.23106,10.48550/arXiv.2509.23106,2509.23106,https://openalex.org/W4415332057,Blockwise 8-bit Muon state quantization with empirical parity and memory reduction.
khaled2025-muonbp,MuonBP: Faster Muon via Block-Periodic Orthogonalization,Ahmed Khaled; Kaan Ozkara; Tao Yu; Mingyi Hong; Youngsuk Park,2025,arXiv,https://arxiv.org/abs/2510.16981,10.48550/arXiv.2510.16981,2510.16981,,Reduces Muon communication overhead with block-periodic orthogonalization.
liu2025-fedmuon-accel,FedMuon: Accelerating Federated Learning with Matrix Orthogonalization,Junkang Liu; Fanhua Shang; Junchao Zhou; Hongying Liu; Yuanyuan Liu; Jin Liu,2025,arXiv,https://arxiv.org/abs/2510.27403,10.48550/arXiv.2510.27403,2510.27403,,Applies Muon locally in federated learning with alignment and momentum aggregation.
ma2026-preconditioning-benefits-muon,Preconditioning Benefits of Spectral Orthogonalization in Muon,Jianhao Ma; Yu Huang; Yuejie Chi; Yuxin Chen,2026,arXiv,https://arxiv.org/abs/2601.13474,,2601.13474,https://openalex.org/W7125282725,Proves simplified Muon can remove condition-number dependence in selected matrix problems.
li2026-variance-adaptive-muon,Variance-Adaptive Muon: Accelerating LLM Pretraining with NSR-Modulated and Variance-Scaled Momentum,Jingru Li; Yibo Fan; Huan Li,2026,arXiv,https://arxiv.org/abs/2601.14603,10.48550/arXiv.2601.14603,2601.14603,,Adds variance-adaptive normalization to Muon momentum before orthogonalization.
kim2026-muon-newton-schulz,Convergence of Muon with Newton-Schulz,Gyu Yeol Kim; Min-hwan Oh,2026,arXiv,https://arxiv.org/abs/2601.19156,,2601.19156,,Analyzes practical Muon with a few Newton-Schulz steps instead of exact SVD polar factor.
zhang2026-teon,TEON: Tensorized Orthonormalization Beyond Layer-Wise Muon for Large Language Model Pre-Training,Ruijie Zhang; Yequan Zhao; Ziyue Liu; Zhengyang Wang; Dongyang Li; Yupeng Su; Sijia Liu; Zheng Zhang,2026,arXiv,https://arxiv.org/abs/2601.23261,,2601.23261,,Generalizes layer-wise Muon to structured higher-order gradient tensors.
qi2026-delving-muon-beyond,Delving into Muon and Beyond: Deep Analysis and Extensions,Xianbiao Qi; Marco Chen; Jiaquan Ye; Yelin He; Rong Xiao,2026,arXiv,https://arxiv.org/abs/2602.04669; https://github.com/Ocram7/BeyondMuon,,2602.04669,,Studies Muon as p=0 endpoint of spectral transforms and compares RMS-normalized variants.
du2026-newton-muon,The Newton-Muon Optimizer,Zhehang Du; Weijie Su,2026,arXiv,https://arxiv.org/abs/2604.01472,,2604.01472,,Derives Newton-Muon and interprets standard Muon as neglecting input second-moment right preconditioning.
liu2026-muon2,Muon^2: Boosting Muon via Adaptive Second-Moment Preconditioning,Ziyue Liu; Ruijie Zhang; Zhengyang Wang; Yequan Zhao; Yupeng Su; Zi Yang; Zheng Zhang,2026,arXiv,https://arxiv.org/abs/2604.09967,,2604.09967,,Applies Adam-style second-moment preconditioning before orthogonalization to improve polar approximation.
su2026-muonq,MuonQ: Enhancing Low-Bit Muon Quantization via Directional Fidelity Optimization,Yupeng Su; Ruijie Zhang; Ziyue Liu; Yequan Zhao; Zheng Zhang,2026,arXiv,https://arxiv.org/abs/2605.11396; https://github.com/YupengSu/MuonQ,,2605.11396,,Low-bit Muon state quantization via directional fidelity and companding.
southworth2026-muon-vit,Muon in Vision Transformers: Optimizer-Recipe Interactions and Gradient Spectra,Ben S. Southworth; Shuai Jiang; Daniel McBride; Eric C. Cyr; Stephen Thomas,2026,arXiv,https://arxiv.org/abs/2605.24770,,2605.24770,https://openalex.org/W7162605762,Studies Muon behavior in ViTs and interaction with augmentation recipes and gradient spectra.
li2026-mona,MONA: Muon Optimizer with Nesterov Acceleration for Scalable Language Model Training,Jiacheng Li; Jianchao Tan; Hongtao Xu; Jiaqi Zhang; Yifan Lu; Yerui Sun; Yuchen Xie; Xunliang Cai,2026,arXiv,https://arxiv.org/abs/2605.26842,,2605.26842,,Adds Nesterov-like acceleration term to Muon gradient pipeline with large-scale MoE experiments.
yan2026-muon-adversarial-training,When Muon Optimizer Meets Adversarial Training: A Theoretical and Empirical Study,Jun Yan; Weiquan Huang; Jiankai Zuo; Yujian Mo; Xi Fang; Chengliang Wu; Zeming Wei,2026,arXiv,https://arxiv.org/abs/2605.26929,,2605.26929,,Studies Muon in adversarial training with spectral-norm stability claims and robust benchmarks.
huang2026-how-much-orthogonalization,How Much Orthogonalization Does Muon Need?,Hua Huang,2026,arXiv,https://arxiv.org/abs/2606.00371,,2606.00371,https://openalex.org/W7163596019,"Phase 2 audit on 2026-06-14: promoted from candidate/excluded because title/abstract evidence is directly about Muon, a Muon variant, or Muon orthogonalization. Evidence level: primary arXiv URL retained from Phase 1 high-recall pool. URL(s): https://arxiv.org/abs/2606.00371"
cesista2026-lora-muon,LoRA-Muon: Spectral Steepest Descent on the Low-Rank Manifold,Franz Louis Cesista; Katherine Crowson; Cedric Simal; Stella Biderman,2026,arXiv,https://arxiv.org/abs/2606.12921,,2606.12921,,Applies Muon spectral steepest descent to LoRA low-rank factors; very recent at search date.
arxiv-250416041-muon-optimizer-accelerates-grokking,Muon Optimizer Accelerates Grokking,Amund Tveit; Bjrn Remseth; Arve Skogvold,2025,arXiv candidate,https://arxiv.org/abs/2504.16041,10.48550/arXiv.2504.16041,2504.16041,,"Phase 2 audit on 2026-06-14: promoted from candidate/excluded because title/abstract evidence is directly about Muon, a Muon variant, or Muon orthogonalization. Evidence level: primary arXiv/web record opened. URL(s): https://arxiv.org/abs/2504.16041"
arxiv-250504005-iterative-orthogonalization-scaling-laws,Iterative Orthogonalization Scaling Laws,Devan Selvaraj,2025,arXiv candidate,https://arxiv.org/abs/2505.04005,10.48550/arXiv.2505.04005,2505.04005,,"Phase 2 audit on 2026-06-14: promoted from candidate/excluded because title/abstract evidence is directly about Muon, a Muon variant, or Muon orthogonalization. Evidence level: primary arXiv/web record opened. URL(s): https://arxiv.org/abs/2505.04005"
arxiv-250604430-leveraging-coordinate-momentum-in-signsg,Leveraging Coordinate Momentum in SignSGD and Muon: Memory-Optimized Zero-Order,Egor Petrov; Grigoriy Evseev; Aleksey Antonov; Andrey Veprikov; Nikolay Bushkov; Stanislav Moiseev; Aleksandr Beznosikov,2025,arXiv candidate,https://arxiv.org/abs/2506.04430,10.48550/arXiv.2506.04430,2506.04430,,"Phase 2 audit on 2026-06-14: promoted from candidate/excluded because title/abstract evidence is directly about Muon, a Muon variant, or Muon orthogonalization. Evidence level: primary arXiv URL retained from Phase 1 high-recall pool. URL(s): https://arxiv.org/abs/2506.04430"
arxiv-250610935-accelerating-newton-schulz-iteration-for,Accelerating Newton-Schulz Iteration for Orthogonalization via Chebyshev-type Polynomials,Ekaterina Grishina; Matvey Smirnov; Maxim Rakhuba,2025,arXiv candidate,https://arxiv.org/abs/2506.10935,10.48550/arXiv.2506.10935,2506.10935,,"Phase 2 audit on 2026-06-14: promoted from candidate/excluded because title/abstract evidence is directly about Muon, a Muon variant, or Muon orthogonalization. Evidence level: primary arXiv/web record opened. URL(s): https://arxiv.org/abs/2506.10935"
arxiv-250902981-adagrad-meets-muon-adaptive-stepsizes-fo,AdaGrad Meets Muon: Adaptive Stepsizes for Orthogonal Updates,Minxin Zhang; Yuxuan Liu; Hayden Schaeffer,2025,arXiv candidate,https://arxiv.org/abs/2509.02981,10.48550/arXiv.2509.02981,2509.02981,,"Phase 2 audit on 2026-06-14: promoted from candidate/excluded because title/abstract evidence is directly about Muon, a Muon variant, or Muon orthogonalization. Evidence level: primary arXiv URL retained from Phase 1 high-recall pool. URL(s): https://arxiv.org/abs/2509.02981"
arxiv-250911983-low-rank-orthogonalization-for-large-sca,Low-rank Orthogonalization for Large-scale Matrix Optimization with Applications to Foundation Model Training,Chuan He; Zhanwang Deng; Zhaosong Lu,2025,arXiv candidate,https://arxiv.org/abs/2509.11983,10.48550/arXiv.2509.11983,2509.11983,,"Phase 2 audit on 2026-06-14: promoted from candidate/excluded because title/abstract evidence is directly about Muon, a Muon variant, or Muon orthogonalization. Evidence level: primary arXiv URL retained from Phase 1 high-recall pool. URL(s): https://arxiv.org/abs/2509.11983"
arxiv-250914562-limuon-light-and-fast-muon-optimizer-for,LiMuon: Light and Fast Muon Optimizer for Large Models,Feihu Huang; Yuning Luo; Songcan Chen,2025,arXiv candidate,https://arxiv.org/abs/2509.14562,10.48550/arXiv.2509.14562,2509.14562,,"Phase 2 audit on 2026-06-14: promoted from candidate/excluded because title/abstract evidence is directly about Muon, a Muon variant, or Muon orthogonalization. Evidence level: primary arXiv URL retained from Phase 1 high-recall pool. URL(s): https://arxiv.org/abs/2509.14562"
arxiv-250915816-on-the-convergence-of-muon-and-beyond,On the Convergence of Muon and Beyond,Da Chang; Yongxiang Liu; Ganzhao Yuan,2025,arXiv candidate,https://arxiv.org/abs/2509.15816,10.48550/arXiv.2509.15816,2509.15816,,"Phase 2 audit on 2026-06-14: promoted from candidate/excluded because title/abstract evidence is directly about Muon, a Muon variant, or Muon orthogonalization. Evidence level: primary arXiv URL retained from Phase 1 high-recall pool. URL(s): https://arxiv.org/abs/2509.15816"
arxiv-250924406-muon-training-and-trade-offs-with-latent,Muon: Training and Trade-offs with Latent Attention and MoE,Sushant Mehta; Raj Dandekar; Rajat Dandekar; Sreedath Panat,2025,arXiv candidate,https://arxiv.org/abs/2509.24406,10.48550/arXiv.2509.24406,2509.24406,,"Phase 2 audit on 2026-06-14: promoted from candidate/excluded because title/abstract evidence is directly about Muon, a Muon variant, or Muon orthogonalization. Evidence level: primary arXiv URL retained from Phase 1 high-recall pool. URL(s): https://arxiv.org/abs/2509.24406"
arxiv-250926030-muon-outperforms-adam-in-tail-end-associ,Muon Outperforms Adam in Tail-End Associative Memory Learning,Shuche Wang; Fengzhuo Zhang; Jiaxiang Li; Cunxiao Du; Chao Du; Tianyu Pang; Zhuoran Yang; Mingyi Hong; Vincent Y. F. Tan,2025,arXiv candidate,https://arxiv.org/abs/2509.26030,10.48550/arXiv.2509.26030,2509.26030,,"Phase 2 audit on 2026-06-14: promoted from candidate/excluded because title/abstract evidence is directly about Muon, a Muon variant, or Muon orthogonalization. Evidence level: primary arXiv URL retained from Phase 1 high-recall pool. URL(s): https://arxiv.org/abs/2509.26030"
arxiv-250926337-fedmuon-federated-learning-with-bias-cor,FedMuon: Federated Learning with Bias-corrected LMO-based Optimization,Yuki Takezawa; Anastasia Koloskova; Xiaowen Jiang; Sebastian U. Stich,2025,arXiv candidate,https://arxiv.org/abs/2509.26337,10.48550/arXiv.2509.26337,2509.26337,,"Phase 2 audit on 2026-06-14: promoted from candidate/excluded because title/abstract evidence is directly about Muon, a Muon variant, or Muon orthogonalization. Evidence level: primary arXiv URL retained from Phase 1 high-recall pool. URL(s): https://arxiv.org/abs/2509.26337"
arxiv-251000643-error-feedback-for-muon-and-friends,Error Feedback for Muon and Friends,Kaja Gruntkowska; Alexander Gaponov; Zhirayr Tovmasyan; Peter Richtarik,2025,arXiv candidate,https://arxiv.org/abs/2510.00643,10.48550/arXiv.2510.00643,2510.00643,,"Phase 2 audit on 2026-06-14: promoted from candidate/excluded because title/abstract evidence is directly about Muon, a Muon variant, or Muon orthogonalization. Evidence level: primary arXiv URL retained from Phase 1 high-recall pool. URL(s): https://arxiv.org/abs/2510.00643"
arxiv-251002239-drop-muon-update-less-converge-faster,"Drop-Muon: Update Less, Converge Faster",Kaja Gruntkowska; Yassine Maziane; Zheng Qu; Peter Richtarik,2025,arXiv candidate,https://arxiv.org/abs/2510.02239,10.48550/arXiv.2510.02239,2510.02239,,"Phase 2 audit on 2026-06-14: promoted from candidate/excluded because title/abstract evidence is directly about Muon, a Muon variant, or Muon orthogonalization. Evidence level: primary arXiv URL retained from Phase 1 high-recall pool. URL(s): https://arxiv.org/abs/2510.02239"
arxiv-251003866-on-provable-benefits-of-muon-in-federate,On Provable Benefits of Muon in Federated Learning,Xinwen Zhang; Hongchang Gao,2025,arXiv candidate,https://arxiv.org/abs/2510.03866,10.48550/arXiv.2510.03866,2510.03866,,"Phase 2 audit on 2026-06-14: promoted from candidate/excluded because title/abstract evidence is directly about Muon, a Muon variant, or Muon orthogonalization. Evidence level: primary arXiv URL retained from Phase 1 high-recall pool. URL(s): https://arxiv.org/abs/2510.03866"
arxiv-251005491-normuon-making-muon-more-efficient-and-s,NorMuon: Making Muon more efficient and scalable,Zichong Li; Liming Liu; Chen Liang; Weizhu Chen; Tuo Zhao,2025,arXiv candidate,https://arxiv.org/abs/2510.05491,10.48550/arXiv.2510.05491,2510.05491,,"Phase 2 audit on 2026-06-14: promoted from candidate/excluded because title/abstract evidence is directly about Muon, a Muon variant, or Muon orthogonalization. Evidence level: primary arXiv URL retained from Phase 1 high-recall pool. URL(s): https://arxiv.org/abs/2510.05491"
arxiv-251006627-pome-post-optimization-model-edit-via-mu,POME: Post Optimization Model Edit via Muon-style Projection,Yong Liu; Di Fu; Yang Luo; Zirui Zhu; Minhao Cheng; Cho-Jui Hsieh; Yang You,2025,arXiv candidate,https://arxiv.org/abs/2510.06627,10.48550/arXiv.2510.06627,2510.06627,,"Phase 2 audit on 2026-06-14: promoted from candidate/excluded because title/abstract evidence is directly about Muon, a Muon variant, or Muon orthogonalization. Evidence level: primary arXiv URL retained from Phase 1 high-recall pool. URL(s): https://arxiv.org/abs/2510.06627"
arxiv-251009827-an-exploration-of-non-euclidean-gradient,An Exploration of Non-Euclidean Gradient Descent: Muon and its Many Variants,Michael Crawshaw; Chirag Modi; Mingrui Liu; Robert M. Gower,2025,arXiv candidate,https://arxiv.org/abs/2510.09827,10.48550/arXiv.2510.09827,2510.09827,,"Phase 2 audit on 2026-06-14: promoted from candidate/excluded because title/abstract evidence is directly about Muon, a Muon variant, or Muon orthogonalization. Evidence level: primary arXiv/web record opened. URL(s): https://arxiv.org/abs/2510.09827"
arxiv-251019933-beyond-the-ideal-analyzing-the-inexact-m,Beyond the Ideal: Analyzing the Inexact Muon Update,Egor Shulgin; Sultan AlRashed; Francesco Orabona; Peter Richtarik,2025,arXiv candidate,https://arxiv.org/abs/2510.19933,10.48550/arXiv.2510.19933,2510.19933,,"Phase 2 audit on 2026-06-14: promoted from candidate/excluded because title/abstract evidence is directly about Muon, a Muon variant, or Muon orthogonalization. Evidence level: primary arXiv URL retained from Phase 1 high-recall pool. URL(s): https://arxiv.org/abs/2510.19933"
arxiv-251022980-how-muon-s-spectral-design-benefits-gene,How Muon's Spectral Design Benefits Generalization: A Study on Imbalanced Data,Bhavya Vasudeva; Puneesh Deora; Yize Zhao; Vatsal Sharan; Christos Thrampoulidis,2025,arXiv candidate,https://arxiv.org/abs/2510.22980,10.48550/arXiv.2510.22980,2510.22980,,"Phase 2 audit on 2026-06-14: promoted from candidate/excluded because title/abstract evidence is directly about Muon, a Muon variant, or Muon orthogonalization. Evidence level: primary arXiv URL retained from Phase 1 high-recall pool. URL(s): https://arxiv.org/abs/2510.22980"
arxiv-251106086-muonall-muon-variant-for-efficient-finet,MuonAll: Muon Variant for Efficient Finetuning of Large Language Models,Saurabh Page; Advait Joshi; S. S. Sonawane,2025,arXiv candidate,https://arxiv.org/abs/2511.06086,10.48550/arXiv.2511.06086,2511.06086,,"Phase 2 audit on 2026-06-14: promoted from candidate/excluded because title/abstract evidence is directly about Muon, a Muon variant, or Muon orthogonalization. Evidence level: primary arXiv URL retained from Phase 1 high-recall pool. URL(s): https://arxiv.org/abs/2511.06086"
arxiv-251204632-turbo-muon-accelerating-orthogonality-ba,Turbo-Muon: Accelerating Orthogonality-Based Optimization with Pre-Conditioning,Thibaut Boissin; Thomas Massena; Franck Mamalet; Mathieu Serrurier,2025,arXiv candidate,https://arxiv.org/abs/2512.04632,10.48550/arXiv.2512.04632,2512.04632,,"Phase 2 audit on 2026-06-14: promoted from candidate/excluded because title/abstract evidence is directly about Muon, a Muon variant, or Muon orthogonalization. Evidence level: primary arXiv URL retained from Phase 1 high-recall pool. URL(s): https://arxiv.org/abs/2512.04632"
arxiv-251216598-muon-is-provably-faster-with-momentum-va,Muon is Provably Faster with Momentum Variance Reduction,Xun Qian; Hussein Rammal; Dmitry Kovalev; Peter Richtarik,2025,arXiv candidate,https://arxiv.org/abs/2512.16598,10.48550/arXiv.2512.16598,2512.16598,,"Phase 2 audit on 2026-06-14: promoted from candidate/excluded because title/abstract evidence is directly about Muon, a Muon variant, or Muon orthogonalization. Evidence level: primary arXiv URL retained from Phase 1 high-recall pool. URL(s): https://arxiv.org/abs/2512.16598"
arxiv-251216928-dion2-a-simple-method-to-shrink-matrix-i,Dion2: A Simple Method to Shrink Matrix in Muon,Kwangjun Ahn; Noah Amsel; John Langford,2025,arXiv candidate,https://arxiv.org/abs/2512.16928,10.48550/arXiv.2512.16928,2512.16928,,"Phase 2 audit on 2026-06-14: promoted from candidate/excluded because title/abstract evidence is directly about Muon, a Muon variant, or Muon orthogonalization. Evidence level: primary arXiv URL retained from Phase 1 high-recall pool. URL(s): https://arxiv.org/abs/2512.16928"
arxiv-260101306-towards-a-principled-muon-under-mu-maths,Towards a Principled Muon under $mu\mathsf{P}$: Ensuring Spectral Conditions throughout Training,John Zhao,2026,arXiv candidate,https://arxiv.org/abs/2601.01306,10.48550/arXiv.2601.01306,2601.01306,,"Phase 2 audit on 2026-06-14: promoted from candidate/excluded because title/abstract evidence is directly about Muon, a Muon variant, or Muon orthogonalization. Evidence level: primary arXiv URL retained from Phase 1 high-recall pool. URL(s): https://arxiv.org/abs/2601.01306"
arxiv-260109865-advancing-model-refinement-muon-optimize,Advancing Model Refinement: Muon-Optimized Distillation and Quantization for LLM Deployment,Jacob Sander; Brian Jalaian; Venkat R. Dasari,2026,arXiv candidate,https://arxiv.org/abs/2601.09865,10.48550/arXiv.2601.09865,2601.09865,,"Phase 2 audit on 2026-06-14: promoted from candidate/excluded because title/abstract evidence is directly about Muon, a Muon variant, or Muon orthogonalization. Evidence level: primary arXiv URL retained from Phase 1 high-recall pool. URL(s): https://arxiv.org/abs/2601.09865"
arxiv-260119400-improved-convergence-rates-of-muon-optim,Improved Convergence Rates of Muon Optimizer for Nonconvex Optimization,Shuntaro Nagashima; Hideaki Iiduka,2026,arXiv candidate,https://arxiv.org/abs/2601.19400,10.48550/arXiv.2601.19400,2601.19400,,"Phase 2 audit on 2026-06-14: promoted from candidate/excluded because title/abstract evidence is directly about Muon, a Muon variant, or Muon orthogonalization. Evidence level: primary arXiv URL retained from Phase 1 high-recall pool. URL(s): https://arxiv.org/abs/2601.19400"
arxiv-260202500-ifnso-iteration-free-newton-schulz-ortho,IFNSO: Iteration-Free Newton-Schulz Orthogonalization,Chen Hu; Qianxi Zhao; Xiaochen Yuan; Hong Zhang; Ding Yuan; Yanbin Wu; Xiying Li,2026,arXiv candidate,https://arxiv.org/abs/2602.02500,10.48550/arXiv.2602.02500,2602.02500,,"Phase 2 audit on 2026-06-14: promoted from candidate/excluded because title/abstract evidence is directly about Muon, a Muon variant, or Muon orthogonalization. Evidence level: primary arXiv URL retained from Phase 1 high-recall pool. URL(s): https://arxiv.org/abs/2602.02500"
arxiv-260205725-muon-in-associative-memory-learning-trai,Muon in Associative Memory Learning: Training Dynamics and Scaling Laws,Binghui Li; Kaifei Wang; Han Zhong; Pinyan Lu; Liwei Wang,2026,arXiv candidate,https://arxiv.org/abs/2602.05725,10.48550/arXiv.2602.05725,2602.05725,,"Phase 2 audit on 2026-06-14: promoted from candidate/excluded because title/abstract evidence is directly about Muon, a Muon variant, or Muon orthogonalization. Evidence level: primary arXiv URL retained from Phase 1 high-recall pool. URL(s): https://arxiv.org/abs/2602.05725"
arxiv-260206385-uniform-spectral-growth-and-convergence-,Uniform Spectral Growth and Convergence of Muon in LoRA-Style Matrix Factorization,Changmin Kang; Jihun Yun; Baekrok Shin; Yeseul Cho; Chulhee Yun,2026,arXiv candidate,https://arxiv.org/abs/2602.06385,10.48550/arXiv.2602.06385,2602.06385,,"Phase 2 audit on 2026-06-14: promoted from candidate/excluded because title/abstract evidence is directly about Muon, a Muon variant, or Muon orthogonalization. Evidence level: primary arXiv URL retained from Phase 1 high-recall pool. URL(s): https://arxiv.org/abs/2602.06385"
arxiv-260211948-insights-on-muon-from-simple-quadratics,Insights on Muon from Simple Quadratics,Antoine Gonon; Andreea-Alexandra Musat; Nicolas Boumal,2026,arXiv candidate,https://arxiv.org/abs/2602.11948,10.48550/arXiv.2602.11948,2602.11948,,"Phase 2 audit on 2026-06-14: promoted from candidate/excluded because title/abstract evidence is directly about Muon, a Muon variant, or Muon orthogonalization. Evidence level: primary arXiv URL retained from Phase 1 high-recall pool. URL(s): https://arxiv.org/abs/2602.11948"
arxiv-260213498-trasmuon-trust-region-adaptive-scaling-f,TrasMuon: Trust-Region Adaptive Scaling for Orthogonalized Momentum Optimizers,Peng Cheng; Jiucheng Zang; Qingnan Li; Liheng Ma; Yufei Cui; Yingxue Zhang; Boxing Chen; Ming Jian; Wen Tong,2026,arXiv candidate,https://arxiv.org/abs/2602.13498,10.48550/arXiv.2602.13498,2602.13498,,"Phase 2 audit on 2026-06-14: promoted from candidate/excluded because title/abstract evidence is directly about Muon, a Muon variant, or Muon orthogonalization. Evidence level: primary arXiv URL retained from Phase 1 high-recall pool. URL(s): https://arxiv.org/abs/2602.13498"
arxiv-260216167-muon-with-spectral-guidance-efficient-op,Muon with Spectral Guidance: Efficient Optimization for Scientific Machine Learning,Binghang Lu; Jiahao Zhang; Guang Lin,2026,arXiv candidate,https://arxiv.org/abs/2602.16167,10.48550/arXiv.2602.16167,2602.16167,,"Phase 2 audit on 2026-06-14: promoted from candidate/excluded because title/abstract evidence is directly about Muon, a Muon variant, or Muon orthogonalization. Evidence level: primary arXiv URL retained from Phase 1 high-recall pool. URL(s): https://arxiv.org/abs/2602.16167"
arxiv-260216340-the-implicit-bias-of-adam-and-muon-on-sm,The Implicit Bias of Adam and Muon on Smooth Homogeneous Neural Networks,Eitan Gronich; Gal Vardi,2026,arXiv candidate,https://arxiv.org/abs/2602.16340,10.48550/arXiv.2602.16340,2602.16340,,"Phase 2 audit on 2026-06-14: promoted from candidate/excluded because title/abstract evidence is directly about Muon, a Muon variant, or Muon orthogonalization. Evidence level: primary arXiv URL retained from Phase 1 high-recall pool. URL(s): https://arxiv.org/abs/2602.16340"
arxiv-260217080-adam-improves-muon-adaptive-moment-estim,Adam Improves Muon: Adaptive Moment Estimation with Orthogonalized Momentum,Minxin Zhang; Yuxuan Liu; Hayden Schaeffer,2026,arXiv candidate,https://arxiv.org/abs/2602.17080,10.48550/arXiv.2602.17080,2602.17080,,"Phase 2 audit on 2026-06-14: promoted from candidate/excluded because title/abstract evidence is directly about Muon, a Muon variant, or Muon orthogonalization. Evidence level: primary arXiv URL retained from Phase 1 high-recall pool. URL(s): https://arxiv.org/abs/2602.17080"
arxiv-260221545-muon-towards-more-effective-muon-via-one,MUON+: Towards More Effective Muon via One Additional Normalization Step for LLM Pre-training,Ruijie Zhang; Yequan Zhao; Ziyue Liu; Zhengyang Wang; Yupeng Su; Liyan Tan; Zheng Zhang,2026,arXiv candidate,https://arxiv.org/abs/2602.21545,10.48550/arXiv.2602.21545,2602.21545,,"Phase 2 audit on 2026-06-14: promoted from candidate/excluded because title/abstract evidence is directly about Muon, a Muon variant, or Muon orthogonalization. Evidence level: primary arXiv URL retained from Phase 1 high-recall pool. URL(s): https://arxiv.org/abs/2602.21545"
arxiv-260300416-muonrec-shifting-the-optimizer-paradigm-,MuonRec: Shifting the Optimizer Paradigm Beyond Adam in Scalable Generative Recommendation,Rong Shan; Aofan Yu; Bo Chen; Kuo Cai; Qiang Luo; Ruiming Tang; Han Li; Weiwen Liu; Weinan Zhang; Jianghao Lin,2026,arXiv candidate,https://arxiv.org/abs/2603.00416,10.48550/arXiv.2603.00416,2603.00416,,"Phase 2 audit on 2026-06-14: promoted from candidate/excluded because title/abstract evidence is directly about Muon, a Muon variant, or Muon orthogonalization. Evidence level: primary arXiv URL retained from Phase 1 high-recall pool. URL(s): https://arxiv.org/abs/2603.00416"
arxiv-260300742-to-use-or-not-to-use-muon-how-simplicity,To Use or not to Use Muon: How Simplicity Bias in Optimizers Matters,Sara Dragutinovic; Rajesh Ranganath,2026,arXiv candidate,https://arxiv.org/abs/2603.00742,10.48550/arXiv.2603.00742,2603.00742,,"Phase 2 audit on 2026-06-14: promoted from candidate/excluded because title/abstract evidence is directly about Muon, a Muon variant, or Muon orthogonalization. Evidence level: primary arXiv URL retained from Phase 1 high-recall pool. URL(s): https://arxiv.org/abs/2603.00742"
arxiv-260303597-numuon-nuclear-norm-constrained-muon-for,NuMuon: Nuclear-Norm-Constrained Muon for Compressible LLM Training,Hadi Mohaghegh Dolatabadi; Thalaiyasingam Ajanthan; Sameera Ramasinghe; Chamin P Hewa Koneputugodage; Shamane Siriwardhana; Violetta Shevchenko; Karol Pajak; James Snewin; Gil Avraham; Alexander Long,2026,arXiv candidate,https://arxiv.org/abs/2603.03597,10.48550/arXiv.2603.03597,2603.03597,,"Phase 2 audit on 2026-06-14: promoted from candidate/excluded because title/abstract evidence is directly about Muon, a Muon variant, or Muon orthogonalization. Evidence level: primary arXiv/web record opened. URL(s): https://arxiv.org/abs/2603.03597"
arxiv-260309697-mousse-rectifying-the-geometry-of-muon-w,Mousse: Rectifying the Geometry of Muon with Curvature-Aware Preconditioning,Yechen Zhang; Shuhao Xing; Junhao Huang; Kai Lv; Yunhua Zhou; Xipeng Qiu; Qipeng Guo; Kai Chen,2026,arXiv candidate,https://arxiv.org/abs/2603.09697,10.48550/arXiv.2603.09697,2603.09697,,"Phase 2 audit on 2026-06-14: promoted from candidate/excluded because title/abstract evidence is directly about Muon, a Muon variant, or Muon orthogonalization. Evidence level: primary arXiv URL retained from Phase 1 high-recall pool. URL(s): https://arxiv.org/abs/2603.09697"
arxiv-260310067-htmuon-improving-muon-via-heavy-tailed-s,HTMuon: Improving Muon via Heavy-Tailed Spectral Correction,Tianyu Pang; Yujie Fang; Zihang Liu; Shenyang Deng; Lei Hsiung; Shuhua Yu; Yaoqing Yang,2026,arXiv candidate,https://arxiv.org/abs/2603.10067,10.48550/arXiv.2603.10067,2603.10067,,"Phase 2 audit on 2026-06-14: promoted from candidate/excluded because title/abstract evidence is directly about Muon, a Muon variant, or Muon orthogonalization. Evidence level: primary arXiv URL retained from Phase 1 high-recall pool. URL(s): https://arxiv.org/abs/2603.10067"
arxiv-260315059-muon-converges-under-heavy-tailed-noise-,Muon Converges under Heavy-Tailed Noise: Nonconvex Holder-Smooth Empirical Risk Minimization,Hideaki Iiduka,2026,arXiv candidate,https://arxiv.org/abs/2603.15059,10.48550/arXiv.2603.15059,2603.15059,,"Phase 2 audit on 2026-06-14: promoted from candidate/excluded because title/abstract evidence is directly about Muon, a Muon variant, or Muon orthogonalization. Evidence level: primary arXiv URL retained from Phase 1 high-recall pool. URL(s): https://arxiv.org/abs/2603.15059"
arxiv-260317970-beyond-muon-mud-momentum-decorrelation-f,Beyond Muon: MUD (MomentUm Decorrelation) for Faster Transformer Training,Ben S. Southworth; Stephen Thomas,2026,arXiv candidate,https://arxiv.org/abs/2603.17970,10.48550/arXiv.2603.17970,2603.17970,,"Phase 2 audit on 2026-06-14: promoted from candidate/excluded because title/abstract evidence is directly about Muon, a Muon variant, or Muon orthogonalization. Evidence level: primary arXiv URL retained from Phase 1 high-recall pool. URL(s): https://arxiv.org/abs/2603.17970"
arxiv-260328254-muoneq-balancing-before-orthogonalizatio,MuonEq: Balancing Before Orthogonalization with Lightweight Equilibration,Da Chang; Qiankun Shi; Lvgang Zhang; Yu Li; Ruijie Zhang; Yao Lu; Yongxiang Liu; Ganzhao Yuan,2026,arXiv candidate,https://arxiv.org/abs/2603.28254,10.48550/arXiv.2603.28254,2603.28254,,"Phase 2 audit on 2026-06-14: promoted from candidate/excluded because title/abstract evidence is directly about Muon, a Muon variant, or Muon orthogonalization. Evidence level: primary arXiv URL retained from Phase 1 high-recall pool. URL(s): https://arxiv.org/abs/2603.28254"
arxiv-260404726-a-muon-accelerated-algorithm-for-low-sep,A Muon-Accelerated Algorithm for Low Separation Rank Tensor Generalized Linear Models,Xiao Liang; Shuang Li,2026,arXiv candidate,https://arxiv.org/abs/2604.04726,10.48550/arXiv.2604.04726,2604.04726,,"Phase 2 audit on 2026-06-14: promoted from candidate/excluded because title/abstract evidence is directly about Muon, a Muon variant, or Muon orthogonalization. Evidence level: primary arXiv/web record opened. URL(s): https://arxiv.org/abs/2604.04726"
arxiv-260404891-muon-dynamics-as-a-spectral-wasserstein-,Muon Dynamics as a Spectral Wasserstein Flow,Gabriel Peyre,2026,arXiv candidate,https://arxiv.org/abs/2604.04891,10.48550/arXiv.2604.04891,2604.04891,,"Phase 2 audit on 2026-06-14: promoted from candidate/excluded because title/abstract evidence is directly about Muon, a Muon variant, or Muon orthogonalization. Evidence level: primary arXiv URL retained from Phase 1 high-recall pool. URL(s): https://arxiv.org/abs/2604.04891"
arxiv-260423980-suda-muon-structural-design-principles-a,SUDA-Muon: Structural Design Principles and Boundaries for Fully Decentralized Muon,Hengrui Zhang; Boao Kong; Jiahe Geng; Zhengyang Huang,2026,arXiv candidate,https://arxiv.org/abs/2604.23980,10.48550/arXiv.2604.23980,2604.23980,,"Phase 2 audit on 2026-06-14: promoted from candidate/excluded because title/abstract evidence is directly about Muon, a Muon variant, or Muon orthogonalization. Evidence level: primary arXiv URL retained from Phase 1 high-recall pool. URL(s): https://arxiv.org/abs/2604.23980"
arxiv-260506884-muon-with-nesterov-momentum-heavy-tailed,Muon with Nesterov Momentum: Heavy-Tailed Noise and (Randomized) Inexact Polar Decomposition,Sayantan Choudhury; Xiaoran Cheng; Martin Takac; Sen Na; Mladen Kolar,2026,arXiv candidate,https://arxiv.org/abs/2605.06884,10.48550/arXiv.2605.06884,2605.06884,,"Phase 2 audit on 2026-06-14: promoted from candidate/excluded because title/abstract evidence is directly about Muon, a Muon variant, or Muon orthogonalization. Evidence level: primary arXiv URL retained from Phase 1 high-recall pool. URL(s): https://arxiv.org/abs/2605.06884"
arxiv-260508933-when-and-why-grouping-attention-heads-ac,When and Why Grouping Attention Heads Accelerates Muon Optimization,Hongtao Zhang; Wenjie Zhou; Wei Chen; Xueqi Cheng,2026,arXiv candidate,https://arxiv.org/abs/2605.08933,10.48550/arXiv.2605.08933,2605.08933,,"Phase 2 audit on 2026-06-14: promoted from candidate/excluded because title/abstract evidence is directly about Muon, a Muon variant, or Muon orthogonalization. Evidence level: primary arXiv URL retained from Phase 1 high-recall pool. URL(s): https://arxiv.org/abs/2605.08933"
arxiv-260508949-muon-ogd-muon-based-spectral-orthogonal-,Muon-OGD: Muon-based Spectral Orthogonal Gradient Projection for LLM Continual Learning,Binghang Lu; Zheyuan Deng; Runyu Zhang; Bing Hu; Yunhan Zhao; Yuan Tian; Changhong Mou; Guang Lin; Xiaomin Li,2026,arXiv candidate,https://arxiv.org/abs/2605.08949,10.48550/arXiv.2605.08949,2605.08949,,"Phase 2 audit on 2026-06-14: promoted from candidate/excluded because title/abstract evidence is directly about Muon, a Muon variant, or Muon orthogonalization. Evidence level: primary arXiv URL retained from Phase 1 high-recall pool. URL(s): https://arxiv.org/abs/2605.08949"
arxiv-260508980-muon-does-not-converge-on-convex-lipschi,Muon Does Not Converge on Convex Lipschitz Functions,Tetiana Parshakova; Ahmed Khaled; Michael Crawshaw; Guillaume Garrigos; Robert M. Gower,2026,arXiv candidate,https://arxiv.org/abs/2605.08980,10.48550/arXiv.2605.08980,2605.08980,,"Phase 2 audit on 2026-06-14: promoted from candidate/excluded because title/abstract evidence is directly about Muon, a Muon variant, or Muon orthogonalization. Evidence level: primary arXiv/web record opened. URL(s): https://arxiv.org/abs/2605.08980"
arxiv-260509238-intrinsic-muon-spectral-optimization-on-,Intrinsic Muon: Spectral Optimization on Riemannian Matrix Manifolds,Yibang Li; Bihari Lal Pandey; Ravi Sah; Andi Han; Cyrus Mostajeran; Pratik Jawanpuria; Bamdev Mishra,2026,arXiv candidate,https://arxiv.org/abs/2605.09238,10.48550/arXiv.2605.09238,2605.09238,,"Phase 2 audit on 2026-06-14: promoted from candidate/excluded because title/abstract evidence is directly about Muon, a Muon variant, or Muon orthogonalization. Evidence level: primary arXiv URL retained from Phase 1 high-recall pool. URL(s): https://arxiv.org/abs/2605.09238"
arxiv-260509331-dimension-free-saddle-point-escape-in-mu,Dimension-Free Saddle-Point Escape in Muon,Yanlin Long; Yufei Gu; Zeke Xie,2026,arXiv candidate,https://arxiv.org/abs/2605.09331,10.48550/arXiv.2605.09331,2605.09331,,"Phase 2 audit on 2026-06-14: promoted from candidate/excluded because title/abstract evidence is directly about Muon, a Muon variant, or Muon orthogonalization. Evidence level: primary arXiv URL retained from Phase 1 high-recall pool. URL(s): https://arxiv.org/abs/2605.09331"
arxiv-260509552-phases-of-muon-when-muon-eclipses-signsg,Phases of Muon: When Muon Eclipses SignSGD,Elliot Paquette; Noah Marshall; Lucas Benigni; Guangyuan Wang; Atish Agarwala; Courtney Paquette,2026,arXiv candidate,https://arxiv.org/abs/2605.09552,10.48550/arXiv.2605.09552,2605.09552,,"Phase 2 audit on 2026-06-14: promoted from candidate/excluded because title/abstract evidence is directly about Muon, a Muon variant, or Muon orthogonalization. Evidence level: primary arXiv URL retained from Phase 1 high-recall pool. URL(s): https://arxiv.org/abs/2605.09552"
arxiv-260509991-optimizer-induced-mode-connectivity-from,Optimizer-Induced Mode Connectivity: From AdamW to Muon,Fangzhao Zhang; Sungyoon Kim; Erica Zhang; Yiqi Jiang; Mert Pilanci,2026,arXiv candidate,https://arxiv.org/abs/2605.09991,10.48550/arXiv.2605.09991,2605.09991,,"Phase 2 audit on 2026-06-14: promoted from candidate/excluded because title/abstract evidence is directly about Muon, a Muon variant, or Muon orthogonalization. Evidence level: primary arXiv URL retained from Phase 1 high-recall pool. URL(s): https://arxiv.org/abs/2605.09991"
arxiv-260510468-can-muon-fine-tune-adam-pretrained-model,Can Muon Fine-tune Adam-Pretrained Models?,Xingyu Qu; Peigeng Huang; Samuel Horvath,2026,arXiv candidate,https://arxiv.org/abs/2605.10468,10.48550/arXiv.2605.10468,2605.10468,,"Phase 2 audit on 2026-06-14: promoted from candidate/excluded because title/abstract evidence is directly about Muon, a Muon variant, or Muon orthogonalization. Evidence level: primary arXiv URL retained from Phase 1 high-recall pool. URL(s): https://arxiv.org/abs/2605.10468"
arxiv-260510797-muown-row-norm-control-for-muon-optimiza,Muown: Row-Norm Control for Muon Optimization,Kai Lion; Florian Hubler; Bingcong Li; Antonio Orvieto; Niao He,2026,arXiv candidate,https://arxiv.org/abs/2605.10797,10.48550/arXiv.2605.10797,2605.10797,,"Phase 2 audit on 2026-06-14: promoted from candidate/excluded because title/abstract evidence is directly about Muon, a Muon variant, or Muon orthogonalization. Evidence level: primary arXiv URL retained from Phase 1 high-recall pool. URL(s): https://arxiv.org/abs/2605.10797"
arxiv-260511181-muon-is-not-that-special-random-or-inver,Muon is Not That Special: Random or Inverted Spectra Work Just as Well,Zakhar Shumaylov; Nathael Da Costa; Peter Zaika; Balint Mucsanyi; Alex Massucco; Yoav Gelberg; Carola-Bibiane Schonlieb; Yarin Gal; Philipp Hennig,2026,arXiv candidate,https://arxiv.org/abs/2605.11181,10.48550/arXiv.2605.11181,2605.11181,,"Phase 2 audit on 2026-06-14: promoted from candidate/excluded because title/abstract evidence is directly about Muon, a Muon variant, or Muon orthogonalization. Evidence level: primary arXiv URL retained from Phase 1 high-recall pool. URL(s): https://arxiv.org/abs/2605.11181"
arxiv-260512994-dp-muon-differentially-private-optimizat,DP-Muon: Differentially Private Optimization via Matrix-Orthogonalized Momentum,Jihwan Kim; Chenglin Fan,2026,arXiv candidate,https://arxiv.org/abs/2605.12994,10.48550/arXiv.2605.12994,2605.12994,,"Phase 2 audit on 2026-06-14: promoted from candidate/excluded because title/abstract evidence is directly about Muon, a Muon variant, or Muon orthogonalization. Evidence level: primary arXiv URL retained from Phase 1 high-recall pool. URL(s): https://arxiv.org/abs/2605.12994"
arxiv-260513079-spectral-flattening-is-all-muon-needs-ho,Spectral Flattening Is All Muon Needs: How Orthogonalization Controls Learning Rate and Convergence,Tien-Phat Nguyen; Truong Nguyen; Minh-Phuc Truong; Tuc Nguyen; James Bailey; Trung Le,2026,arXiv candidate,https://arxiv.org/abs/2605.13079,10.48550/arXiv.2605.13079,2605.13079,,"Phase 2 audit on 2026-06-14: promoted from candidate/excluded because title/abstract evidence is directly about Muon, a Muon variant, or Muon orthogonalization. Evidence level: primary arXiv/web record opened. URL(s): https://arxiv.org/abs/2605.13079"
arxiv-260516311-signmuon-communication-efficient-distrib,SignMuon: Communication-Efficient Distributed Muon Optimization,Neel Mishra; Kushagara Trivedi; Pawan Kumar,2026,arXiv candidate,https://arxiv.org/abs/2605.16311,10.48550/arXiv.2605.16311,2605.16311,,"Phase 2 audit on 2026-06-14: promoted from candidate/excluded because title/abstract evidence is directly about Muon, a Muon variant, or Muon orthogonalization. Evidence level: primary arXiv URL retained from Phase 1 high-recall pool. URL(s): https://arxiv.org/abs/2605.16311"
arxiv-260517109-dynmuon-a-dynamic-spectral-shaping-view-,DynMuon: A Dynamic Spectral Shaping View of Muon,Fangzhou Wu; Rikhav Shah; Sandeep Silwal; Qiuyi Zhang,2026,arXiv candidate,https://arxiv.org/abs/2605.17109,10.48550/arXiv.2605.17109,2605.17109,,"Phase 2 audit on 2026-06-14: promoted from candidate/excluded because title/abstract evidence is directly about Muon, a Muon variant, or Muon orthogonalization. Evidence level: primary arXiv URL retained from Phase 1 high-recall pool. URL(s): https://arxiv.org/abs/2605.17109"
arxiv-260517806-amo-adaptive-muon-orthogonalization,AMO: Adaptive Muon Orthogonalization,Xinlin Zhuang; Panyi Ouyang; Yichen Li; Jiangming Shi; Yizhang Chen; Shuman Liu; Ying Qian; Weiyang Liu; Haibo Zhang; Imran Razzak,2026,arXiv candidate,https://arxiv.org/abs/2605.17806,10.48550/arXiv.2605.17806,2605.17806,,"Phase 2 audit on 2026-06-14: promoted from candidate/excluded because title/abstract evidence is directly about Muon, a Muon variant, or Muon orthogonalization. Evidence level: primary arXiv/web record opened. URL(s): https://arxiv.org/abs/2605.17806"
arxiv-260518999-distance-aware-muon-adaptive-step-scalin,Distance-Aware Muon: Adaptive Step Scaling for Normalized Optimization,Yury Demidovich; Abhishek Chakraborty; Grigory Malinovsky; Angelia Nedic; Peter Richtarik,2026,arXiv candidate,https://arxiv.org/abs/2605.18999,10.48550/arXiv.2605.18999,2605.18999,,"Phase 2 audit on 2026-06-14: promoted from candidate/excluded because title/abstract evidence is directly about Muon, a Muon variant, or Muon orthogonalization. Evidence level: primary arXiv URL retained from Phase 1 high-recall pool. URL(s): https://arxiv.org/abs/2605.18999"
arxiv-260519282-rethinking-muon-beyond-pretraining-spect,Rethinking Muon Beyond Pretraining: Spectral Failures and High-Pass Remedies for VLA and RLVR,Chongyu Fan; Gaowen Liu; Mingyi Hong; Ramana Rao Kompella; Sijia Liu,2026,arXiv candidate,https://arxiv.org/abs/2605.19282,10.48550/arXiv.2605.19282,2605.19282,,"Phase 2 audit on 2026-06-14: promoted from candidate/excluded because title/abstract evidence is directly about Muon, a Muon variant, or Muon orthogonalization. Evidence level: primary arXiv URL retained from Phase 1 high-recall pool. URL(s): https://arxiv.org/abs/2605.19282"
arxiv-260519619-mimuon-mixed-muon-optimizer-with-improve,MiMuon: Mixed Muon Optimizer with Improved Generalization for Large Models,Feihu Huang; Yuning Luo; Songcan Chen,2026,arXiv candidate,https://arxiv.org/abs/2605.19619,10.48550/arXiv.2605.19619,2605.19619,,"Phase 2 audit on 2026-06-14: promoted from candidate/excluded because title/abstract evidence is directly about Muon, a Muon variant, or Muon orthogonalization. Evidence level: primary arXiv URL retained from Phase 1 high-recall pool. URL(s): https://arxiv.org/abs/2605.19619"
arxiv-260519781-from-sgd-to-muon-adaptive-optimization-v,From SGD to Muon: Adaptive Optimization via Schatten-p Norms,Thomas Massena; Corentin Friedrich; Mathieu Serrurier,2026,arXiv candidate,https://arxiv.org/abs/2605.19781,10.48550/arXiv.2605.19781,2605.19781,,"Phase 2 audit on 2026-06-14: promoted from candidate/excluded because title/abstract evidence is directly about Muon, a Muon variant, or Muon orthogonalization. Evidence level: primary arXiv URL retained from Phase 1 high-recall pool. URL(s): https://arxiv.org/abs/2605.19781"
arxiv-260523871-move-on-muon-a-hamiltonian-probability-g,Move on Muon : A Hamiltonian probability gradient flow perspective of Muon optimizer,Aratrika Mustafi; Soumya Mukherjee; Bharath K. Sriperumbudur,2026,arXiv candidate,https://arxiv.org/abs/2605.23871,10.48550/arXiv.2605.23871,2605.23871,,"Phase 2 audit on 2026-06-14: promoted from candidate/excluded because title/abstract evidence is directly about Muon, a Muon variant, or Muon orthogonalization. Evidence level: primary arXiv/web record opened. URL(s): https://arxiv.org/abs/2605.23871"
arxiv-260526459-mucon-clipped-muon-updates-for-llm-train,MuCon: Clipped Muon Updates for LLM Training,Albert Yi,2026,arXiv candidate,https://arxiv.org/abs/2605.26459,10.48550/arXiv.2605.26459,2605.26459,,"Phase 2 audit on 2026-06-14: promoted from candidate/excluded because title/abstract evidence is directly about Muon, a Muon variant, or Muon orthogonalization. Evidence level: primary arXiv URL retained from Phase 1 high-recall pool. URL(s): https://arxiv.org/abs/2605.26459"
arxiv-260603899-denoise-first-orthogonalize-later-unders,"Denoise First, Orthogonalize Later: Understanding Momentum in Muon via Spectral Filtering",Xianliang Li; Zihan Zhang; Weiyang Liu; Han Bao,2026,arXiv candidate,https://arxiv.org/abs/2606.03899,10.48550/arXiv.2606.03899,2606.03899,,"Phase 2 audit on 2026-06-14: promoted from candidate/excluded because title/abstract evidence is directly about Muon, a Muon variant, or Muon orthogonalization. Evidence level: primary arXiv/web record opened. URL(s): https://arxiv.org/abs/2606.03899"
arxiv-260604058-spectral-scaling-laws-of-muon,Spectral Scaling Laws of Muon,Gagik Magakyan; Pablo Parrilo; Asuman Ozdaglar,2026,arXiv candidate,https://arxiv.org/abs/2606.04058,10.48550/arXiv.2606.04058,2606.04058,,"Phase 2 audit on 2026-06-14: promoted from candidate/excluded because title/abstract evidence is directly about Muon, a Muon variant, or Muon orthogonalization. Evidence level: primary arXiv/web record opened. URL(s): https://arxiv.org/abs/2606.04058"
arxiv-260604662-why-muon-outperforms-adam-a-curvature-pe,Why Muon Outperforms Adam: A Curvature Perspective,Shuche Wang; Fengzhuo Zhang; Jiaxiang Li; Dirk Bergemann; Zhuoran Yang,2026,arXiv candidate,https://arxiv.org/abs/2606.04662,10.48550/arXiv.2606.04662,2606.04662,,"Phase 2 audit on 2026-06-14: promoted from candidate/excluded because title/abstract evidence is directly about Muon, a Muon variant, or Muon orthogonalization. Evidence level: primary arXiv/web record opened. URL(s): https://arxiv.org/abs/2606.04662"
arxiv-260608388-the-spectral-dynamics-and-noise-geometry,The Spectral Dynamics and Noise Geometry of Muon,Pierfrancesco Beneventano; Mahmoud Abdelmoneum; Tomaso Poggio,2026,arXiv candidate,https://arxiv.org/abs/2606.08388,10.48550/arXiv.2606.08388,2606.08388,,"Phase 2 audit on 2026-06-14: promoted from candidate/excluded because title/abstract evidence is directly about Muon, a Muon variant, or Muon orthogonalization. Evidence level: primary arXiv/web record opened. URL(s): https://arxiv.org/abs/2606.08388"
arxiv-260609658-muon-learns-more-robust-and-transferable,Muon Learns More Robust and Transferable Features than Adam,Tianyu Ruan; Fengzhuo Zhang; Shuche Wang; Shihua Zhang,2026,arXiv candidate,https://arxiv.org/abs/2606.09658,10.48550/arXiv.2606.09658,2606.09658,,"Phase 2 audit on 2026-06-14: promoted from candidate/excluded because title/abstract evidence is directly about Muon, a Muon variant, or Muon orthogonalization. Evidence level: primary arXiv/web record opened. URL(s): https://arxiv.org/abs/2606.09658"
arxiv-251001377-demuon-a-decentralized-muon-for-matrix-o,DeMuon: A Decentralized Muon for Matrix Optimization over Graphs,Chuan He; Shuyi Ren; Jingwei Mao; Erik G. Larsson,2025,arXiv candidate,https://arxiv.org/abs/2510.01377,10.48550/arXiv.2510.01377,2510.01377,,"Phase 2 audit on 2026-06-14: promoted from candidate/excluded because title/abstract evidence is directly about Muon, a Muon variant, or Muon orthogonalization. Evidence level: primary arXiv URL retained from Phase 1 high-recall pool. URL(s): https://arxiv.org/abs/2510.01377"
arxiv-260522432-amuse-anytime-muon-with-stable-gradient-,AMUSE: Anytime Muon with Stable Gradient Evaluation,Jueun Kim; Baekrok Shin; Jihun Yun; Beomhan Baek; Minhak Song; Chulhee Yun,2026,arXiv candidate,https://arxiv.org/abs/2605.22432,10.48550/arXiv.2605.22432,2605.22432,,"Phase 2 audit on 2026-06-14: promoted from candidate/excluded because title/abstract evidence is directly about Muon, a Muon variant, or Muon orthogonalization. Evidence level: primary arXiv/web record opened. URL(s): https://arxiv.org/abs/2605.22432"
kimi2025-k2-muonclip,Kimi K2: Open Agentic Intelligence,Kimi Team,2025,arXiv technical report,https://arxiv.org/abs/2507.20534,10.48550/arXiv.2507.20534,2507.20534,,"Phase 2 web search found the Kimi K2 report; its abstract says the authors propose MuonClip, an improvement over Muon with QK-clip, and train K2 on 15.5T tokens without loss spikes."
wang2026-vescale-fsdp,veScale-FSDP: Flexible and High-Performance FSDP at Scale,Zezou Wang; Youjie Li; Zhiqi Lin; Jiacheng Yang; Cong Xie; Guanyu Feng; Zheng Zhong; Ziyue Huang; Hongyu Zhu; Zhi Zhang; Yanghua Peng; Xin Liu,2026,arXiv,https://arxiv.org/abs/2602.22437,10.48550/arXiv.2602.22437,2602.22437,,Phase 2 web search found the veScale-FSDP report; its abstract explicitly lists Muon as a non-element-wise optimizer that current FSDP systems struggle to support.
